Protein.Group	Protein.Names	Genes	First.Protein.Description	N.Sequences	N.Proteotypic.Sequences	E:\Julia\MB_proteomicsWorkshop\RawFiles\20201016_UdSjfb_20190115_freshstool_159-73X.mzML	E:\Julia\MB_proteomicsWorkshop\RawFiles\20220311_RDMitacsJFB_cal2a_036-41.mzML	E:\Julia\MB_proteomicsWorkshop\RawFiles\20220311_RDMitacsJFB_cal2a_008-47.mzML	E:\Julia\MB_proteomicsWorkshop\RawFiles\20220311_RDMitacsJFB_cal2a_032-19.mzML	E:\Julia\MB_proteomicsWorkshop\RawFiles\20220311_RDMitacsJFB_cal2a_020-38.mzML	E:\Julia\MB_proteomicsWorkshop\RawFiles\20220311_RDMitacsJFB_cal2a_098-25.mzML	E:\Julia\MB_proteomicsWorkshop\RawFiles\20220311_RDMitacsJFB_cal2a_080-42.mzML	E:\Julia\MB_proteomicsWorkshop\RawFiles\20220311_RDMitacsJFB_cal2a_064-26.mzML	E:\Julia\MB_proteomicsWorkshop\RawFiles\20220311_RDMitacsJFB_cal2a_030-45.mzML	E:\Julia\MB_proteomicsWorkshop\RawFiles\20220311_RDMitacsJFB_cal2a_004-6.mzML	E:\Julia\MB_proteomicsWorkshop\RawFiles\20201016_UdSjfb_20190115_freshstool_173-80.mzML	E:\Julia\MB_proteomicsWorkshop\RawFiles\20201016_UdSjfb_20190115_freshstool_181-84.mzML	E:\Julia\MB_proteomicsWorkshop\RawFiles\20201016_UdSjfb_20190115_freshstool_165-76.mzML	E:\Julia\MB_proteomicsWorkshop\RawFiles\20201016_UdSjfb_20190115_freshstool_157-73.mzML	E:\Julia\MB_proteomicsWorkshop\RawFiles\20201016_UdSjfb_20190115_freshstool_195-91.mzML	E:\Julia\MB_proteomicsWorkshop\RawFiles\20201016_UdSjfb_20190115_freshstool_035-14.mzML	E:\Julia\MB_proteomicsWorkshop\RawFiles\20201016_UdSjfb_20190115_freshstool_007-3.mzML	E:\Julia\MB_proteomicsWorkshop\RawFiles\20201016_UdSjfb_20190115_freshstool_003.mzML	E:\Julia\MB_proteomicsWorkshop\RawFiles\20201016_UdSjfb_20190115_freshstool_013-5X.mzML	E:\Julia\MB_proteomicsWorkshop\RawFiles\20201016_UdSjfb_20190115_freshstool_019-8.mzML
A0A075B6H9	LV469_HUMAN	IGLV4-69		1	1	5085.41		12361.9		6542.68	15465.2	19595		9834.66	6049.2	1648.49	2748.33					710.345			1190.86
A0A075B6I0	LV861_HUMAN	IGLV8-61		1	1	6923.57		15248.6		3319.32	16794.4	17439.7	3088.95	5933.92	15676.8	1191.42			3382.52				9600.05		2781.65
A0A075B6I1	LV460_HUMAN	IGLV4-60		1	1			5901		1546.54		2950.28			4014.81										
A0A075B6I4	LVX54_HUMAN	IGLV10-54		1	1			2577.22																	
A0A075B6I7;A0A087WSX0;A0A0G2JS06	LV539_HUMAN;LV545_HUMAN;LV548_HUMAN	IGLV5-39;IGLV5-45;IGLV5-48		1	0	1894.92		1809.3		1199.08				995.829											
A0A075B6J9	LV218_HUMAN	IGLV2-18		1	1	5755.37		1005.26		766.692		6105.86	9831.86	1460.81	25143.6				3229.98			787.397			1262.37
A0A075B6K4	LV310_HUMAN	IGLV3-10		2	0	8322.65		12922.5		11702.6	7785.41	9519.13		2491.61	81036				5257.67			2338.49			
A0A075B6K5	LV39_HUMAN	IGLV3-9		4	2	5741.08		19307.7		10190	4213.39	11390.1	1763.82	9658.96	1995.7					2903.65		1538.48	2495.18		
A0A075B6P5;P01615	KV228_HUMAN;KVD28_HUMAN	IGKV2-28;IGKV2D-28		4	0	53487.2		64852.7		23553.4	16585.7	59676.6	43724.3	49717.9	23863.7	4800.61	9026.24	25369.8	27178.9		4766.6	42863.1	6668.85	3676.96	7337.84
A0A075B6R2	HV404_HUMAN	IGHV4-4		3	2	1937.77		13003.2		13693.8	6657.19	33289.6	2299.64	6358.86	9235.09				1750.54		1695.98	2995.65			
A0A075B6R9;A0A0C4DH68	KV224_HUMAN;KVD24_HUMAN	IGKV2-24;IGKV2D-24		3	0	8380.66	1342.03	16252.7	2982.16	5122.25	19982.6	40309.5	22177.7	7743.88	18844.6	3524.67	6965.31		25346.2		6253.17	14051	11594.6	3418.07	27263.1
A0A075B6S5	KV127_HUMAN	IGKV1-27		3	2	4960.2		22203.2		3224.6	3043.19	3942.52	4866.07	4618.79					2319.43			3399.94			
A0A075B6S6	KVD30_HUMAN	IGKV2D-30		2	1	2886.05				560.289					1561.87							2920.18			
A0A075B6S9;P0DSN7	KV137_HUMAN;KVD37_HUMAN	IGKV1-37;IGKV1D-37		1	0	166.785		4759.42		492.461		880.532		946.455								219.777			
A0A087WSY6	KVD15_HUMAN	IGKV3D-15		3	1	7582.29		34656.8		7568.1	11874.2	10798.3	17282.6	13884.4	3349.31	635.991			6001.52			8243.76			4502.21
A0A0A0MRZ8;P04433	KV311_HUMAN;KVD11_HUMAN	IGKV3-11;IGKV3D-11		3	0	85313.9	6125.53	111036	7894.44	38960.4	88257.9	46658.8	74180.2	31236.4	50597.6	4105.6	11044.4	15831.3	52254.5	10490.7	38926.6	99509.7	41554.5	7949.92	44512.6
A0A0A0MS15	HV349_HUMAN	IGHV3-49		4	3	4974.67		13150.9		12902.9	4963.74	28050.1	10764.4	10860.1	2823.93				4458.41		457.285	3968.91			261.003
A0A0A0MT36	KVD21_HUMAN	IGKV6D-21		1	0			1133.75		2903.64	1720.05	1775.46	2053.62						800.085			2199.76		4212.01	
A0A0A0MT89	KJ01_HUMAN	IGKJ1		1	1			10088.1		4405.9		5853.29	4673.91	5473.97					3574.75			5384.76			5364.12
A0A0B4J1U7	HV601_HUMAN	IGHV6-1		2	2	18639.7	10538.2	311234	50576.5	79420.4	12318.1	462711	290872	64737.7	6747.12		5320.32		21538.5			98440.4	16684.9	13272.6	40251
A0A0B4J1V0	HV315_HUMAN	IGHV3-15		2	2	5750.36		14040.1		3143.05	3873.89	11438.2	4028.96	2853.65	5752				4290.98			6305.62			2731
A0A0B4J1V2	HV226_HUMAN	IGHV2-26		2	2	2171.39		18980.2		2200.6		932.315	1657.91	1282.08	1041.91				662.841			508.658			
A0A0B4J1X5	HV374_HUMAN	IGHV3-74		3	2	108336	2222.3	142898	1256.83	62405.5	34808	92571.9	55419.7	74202.6	9243.41	2885.4			46915.4		6698.4	47946.2		5693.45	6773.13
A0A0B4J1X8	HV343_HUMAN	IGHV3-43		1	1	1832.31		2389.37		2098.49	2931.37	8732.87		2652.29	1452.82							1340.33			
A0A0B4J1Y8	LV949_HUMAN	IGLV9-49		2	2									6636.26	10700.1										
A0A0B4J1Y9	HV372_HUMAN	IGHV3-72		5	3	42814.9	4853.38	193745	22127.9	73877.9	68680.6	249361	117631	157887	21849.1	3812.01			40260.9		8967.67	47661.1	5546.42		14705.3
A0A0B4J2D9;P0DP09	KV113_HUMAN;KVD13_HUMAN	IGKV1-13;IGKV1D-13		2	0							18727.2										21412.5			3889.01
A0A0C4DH24	KV621_HUMAN	IGKV6-21		2	1	3303.04		2861.62		445.901		17214.7	1883.82	14727.5	383.914				2156.84			3002.89		2141	1536.24
A0A0C4DH25	KVD20_HUMAN	IGKV3D-20		1	1	16546.2		10732.8		10025.8	37961.9	12413	11795.1	12662.4	5464.79	789.809	2514.93		7099.41		2121.68	13010.3			16606.9
A0A0C4DH29	HV103_HUMAN	IGHV1-3		1	1			7665.67																	
A0A0C4DH31	HV118_HUMAN	IGHV1-18		1	1	1743.24		7460		4797.91		4542.06							2859.54			2930.35			
A0A0C4DH34	HV428_HUMAN	IGHV4-28		1	1	9137.28	1856.19	50596.1	9433.26	21030.1	27799.5	39863.3	28063.9	27083.5	26956.2	3295.74			6124.9		6955.36	6431.53	16189.3		12388.8
A0A0C4DH35	HV335_HUMAN	IGHV3-35		2	2	385.688		8403.76		6037.24		10919.1	960.828						1791.17			707.815			
A0A0C4DH36	HV338_HUMAN	IGHV3-38		2	2	8928.65		33294		12872.1	4981.73	12799.4	6959.74	9661.56					9370.48			8795.1			
A0A0C4DH38	HV551_HUMAN	IGHV5-51		2	2	9779.29	2435.85	15910		19928.8	12754.2	17988.6	10592.4	10812.6	13327.9		2898.63		3328.37		12873	25412.7	11685.2		14552.3
A0A0C4DH43	HV70D_HUMAN	IGHV2-70D		2	2	19420.8				5396.31	2572.65	774.431		10537.3	4254.53				1727.95						
A0A0C4DH67	KV108_HUMAN	IGKV1-8		1	0	2215.12		14100.5				3244.34		3666.49					2571.84			2067.54			
A0A0C4DH73;P01611	KV112_HUMAN;KVD12_HUMAN	IGKV1-12;IGKV1D-12		2	0	14668.6		86753.7		12947.9	6904.62	16435.8	11872.4	12642.6	1470.83				7626.73		2188.32	12305.5			2511.07
A0A0J9YX35	HV64D_HUMAN	IGHV3-64D		2	2	5658.56		8550.9		5287.98		5625.56	3437.09	4405.14	1657.74				3294.8			3251.85			
A0A0J9YXX1	HV5X1_HUMAN	IGHV5-10-1		4	2	9087.36		10374		5844.36		3333.9	5976.42	8842.05	2059.44				2684.18			6657.62			4134.83
A0M8Q6	IGLC7_HUMAN	IGLC7		5	2	955349	40252.4	1.09662e+06	16281.8	506997	614354	1.42251e+06	318405	855241	597252	65569.7	8108.77	194390	63154.7	42922.1	167487	135955	92404	23378.8	161848
A2NJV5	KV229_HUMAN	IGKV2-29		5	1	171724	6381.89	311548	37692.5	131012	287806	366168	223494	205736	182144	19786	47049.5	93683.2	158458	11055.1	67680.4	286734	55244.3	48127.4	164768
A6NI72;A8MVU1;P14598	NCF1B_HUMAN;NCF1C_HUMAN;NCF1_HUMAN	NCF1;NCF1B;NCF1C		1	0									4182.69								2671.21			
A6NM03;Q9H205	O2AG1_HUMAN;O2AG2_HUMAN	OR2AG1;OR2AG2		1	0		242953			894126						95589.5				29660.7	24624.2	188638			
A8K7I4	CLCA1_HUMAN	CLCA1		26	25	487778	113723	358653	305876	58500.9	29434.9	165971	625877	156263	475726	172936	118188	323705	176283	362546	24741.9	130561	83238.2	39066.8	352752
Cont_A0A3Q1M3L6	A0A3Q1M3L6_BOVIN			5	5	4385.86				50623.4			11601		13347										
Cont_A2I7N1;Cont_A2I7N0	SPA34_BOVIN;SPA35_BOVIN	SERPINA3-4;SERPINA3-5		1	0	636.888			4089.46	212.966		666.127			803.467	3895.21			1879.92		8558.6		1918.26	2123.07	2581.04
Cont_G5E513	G5E513_BOVIN			4	1	1151.92		1006.2		2429.13	1398.47		1864.01	776.795	1102.77										
Cont_O43790;Cont_Q14533;O43790;Q14533	KRT81_HUMAN;KRT86_HUMAN	KRT81;KRT86		3	0			4453.11																	
Cont_O46375	TTHY_BOVIN	TTR		5	5	2247.24	3240.14	7759.99		18856.8		2935.49		7798.96		6042.04		13482.8	2556.46		12455.7			66548.2	
Cont_O76011;O76011	KRT34_HUMAN	KRT34		6	2			22978.8																	
Cont_O76013;O76013;O76013-2	KRT36_HUMAN	KRT36		9	5			13592.2																	
Cont_P00330	ADH1_YEAST	ADH1		7	7			26560.3	26291.1	1505.03		11219.6	10797.2	7854.8	5293.8	3449.79				73732.4					5085.46
Cont_P00698	LYSC_CHICK	LYZ		6	6		2573.89		145067	11801.4		16450.2	4749.03	22735.9		3313.61	6975.28			48343.7					6105.49
Cont_P00711	LALBA_BOVIN	LALBA		5	5	2517.83		156468	37073.2	8639.79	3827.81	24306.8	25957.3	12505.5	4348.34	9205.31	4362.12	4366.37	39144.4	31773.4	33332.2		157820	2764.09	300778
Cont_P00722	BGAL_ECOLI	lacZ		1	1							2491.42			10713.7										
Cont_P00761	TRYP_PIG			6	5	3.47428e+06	158777	139126	131417	91362.5	626569	149950	502229	188479	103565	1.72268e+06	1.39035e+06	102706	2.14608e+06	3.42244e+06	791299	669735	1.11022e+06	1.15579e+06	818160
Cont_P01012	OVAL_CHICK	SERPINB14		7	7	4337.6	3109.18		301485			116215	22502.5	93818		57092.3	40437.3		28973.9	142010	79138.1		46312.3		182243
Cont_P02070	HBB_BOVIN	HBB		6	5				3665.54	6193.49		2725.95		4588.44	735.958	789.646			1443.78			777.14			
Cont_P02453	CO1A1_BOVIN	COL1A1		5	5							17007.9		11222.7											
Cont_P02465	CO1A2_BOVIN	COL1A2		1	1							6867.71		1443.06											
Cont_P02533;P02533	K1C14_HUMAN	KRT14		14	3	7029	8492.23	17474.4	6356.71	2931.17	13591.6	7373.19	7226.51	9030.78	5757.77	10172.3	3897.19	5925.5	4776.61	50075.7	6437.09	1675.41	8363.06	11688.5	16266.2
Cont_P02538;P02538	K2C6A_HUMAN	KRT6A		14	2	7787.62	12429.5	54943.1	6607.34	2555.55	13537.5	8662.5	8859.7	10717.8	9767.55	9048.38	4207.12	3638.72	13516.1	16450	6529.57	2800.37	5702.95	8875.68	21619.9
Cont_P02662	CASA1_BOVIN	CSN1S1		6	6	2121.43	20886.8	18660.9	16914.3	53607.9	36910.2	11232.7	29259.4	9976.79	4157.53	7764.63	949.08		2023.26	19692.2	14706.3				811.455
Cont_P02663	CASA2_BOVIN	CSN1S2		3	3		6478.46	29332	5477.11	15518.5	15212.4	6804.14	8461.73	14910		25248.9			11441	19253.8	23354				
Cont_P02666	CASB_BOVIN	CSN2		3	3	780.13	21444.8	11673.8	22149.3	32410.4	45477.6	17546.7	35723.9	10569	8292.13						7400.65			1554.32	
Cont_P02668	CASK_BOVIN	CSN3		1	1		943.243	2390.73		1160.34	1485.11	404.725	1921.39	934.123											
Cont_P02754	LACB_BOVIN	LGB		5	5	2496.19	4947.03	8410.68	12865.4	5882.53	19159.1	6164.71	11913.8	4374.1	11727.7	2425.55	9243.38	25122.7	3968.75	12933.4	9281.64		7737.9	15365.8	27357.5
Cont_P02769	ALBU_BOVIN	ALB		42	42	12775.4	4273.28	14466.5	35010.8	4318.89	8189.53	243727	6914.01	16676.1	4257.17	26611.5	7291.47	17540.9	51499.9	217794	7109.37	2588.98	16319.5	7436.21	8660.75
Cont_P04259;P04259	K2C6B_HUMAN	KRT6B		3	2		1216.12	9843.05	1549.19	583.23	1541.97	2999.48	1374.05	1172.66	2380.23	1355.48			1540.38						3257.78
Cont_P04264;P04264	K2C1_HUMAN	KRT1		32	25	176203	139560	80986.4	136125	57478.2	227139	87689.7	134172	78485.6	100432	269704	58791.1	201066	54350.6	1.77512e+06	170203	32122.9	167274	292649	253215
Cont_P05784	K1C18_MOUSE	Krt18		1	0			2610.9	9024.25					3769.56											
Cont_P05787;P05787;P05787-2	K2C8_HUMAN	KRT8		8	6	17219.4	2573.55	7069.41	7296.17	6063.51		6526.2	8857.9	5767.83	2260.57	1265.24	2933.12	3108.3	5415.41	9209.99		1707.73			
Cont_P08727;P08727	K1C19_HUMAN	KRT19		5	3			2682.76	2224.08	662.741				2668.25		1752.64			2297.74	9074.35					
Cont_P08730	K1C13_MOUSE	Krt13		1	1				4892.33					2707.45						5437.47					
Cont_P08779;P08779	K1C16_HUMAN	KRT16		24	9	13114.9	14309.5	62796.4	10311.4	3873.44	20211.6	9528.38	13404.8	12193.5	8568.75	18232.8	6268.34	8615.47	15729.4	51807.6	9074.67	3851.07	10427.6	22500	23590.2
Cont_P13645;P13645	K1C10_HUMAN	KRT10		30	17	147553	107244	60733.4	105685	34491.9	197815	75710.2	100913	66855	82413.8	152707	27820	97195.6	34606	1.53402e+06	112049	22284.8	96964.8	161166	176896
Cont_P13646;P13646;P13646-3	K1C13_HUMAN	KRT13		2	1			1083.97						1040.2		2035.77			1338.94	9156.71	1628.41				
Cont_P13647;P13647	K2C5_HUMAN	KRT5		20	8	15401.9	18030.5	27325.8	16226.4	6116.09	29114.5	14719.6	17418.8	11896.1	14147.7	26448.3	7333.5	14412.7	8297.26	149667	17192.7	3399.05	16434.5	21716.9	28139.8
Cont_P18902;P02753	RET4_BOVIN;RET4_HUMAN	RBP4		1	1																	1387.57			
Cont_P19013;P19013	K2C4_HUMAN	KRT4		2	1		948.909	523.602	3738.51							1532.32			3990.25	19021	1469.23				1932.98
Cont_P35527;P35527	K1C9_HUMAN	KRT9		23	22	77110.2	115136	66237.4	102973	54464	175880	82406.5	115258	68174.7	79457.5	197233	54535.4	196467	37575.1	359997	145316	22611.2	118552	252890	174909
Cont_P35900;P35900	K1C20_HUMAN	KRT20		2	1			2398.06																	
Cont_P35908;P35908	K22E_HUMAN	KRT2		39	25	177943	128145	87038.8	133668	42408.7	224780	95488.5	113518	82504.5	95360.3	206940	40399.5	119501	46468.3	1.10002e+06	150159	29163.5	137573	282674	239401
Cont_P41361	ANT3_BOVIN	SERPINC1		2	2	1296.29								1750.28		1938.18						1773.32			
Cont_P50448	F12AI_BOVIN			2	2					2423.82															
Cont_P60712;P60709;P63261	ACTB_BOVIN;ACTB_HUMAN;ACTG_HUMAN	ACTB;ACTG1		1	0		3175.19	5163.49		1082.22	2574.71		3104.07	40298.8	1621.87	11216.7		21890.1	8995.93	27564.8					
Cont_P62894	CYC_BOVIN	CYCS		1	1									12583.9		3968.79									
Cont_P63103;P27348;P31946;P31946-2;P31947;P31947-2;P61981;P62258;P62258-2;P63104;Q04917	1433B_HUMAN;1433E_HUMAN;1433F_HUMAN;1433G_HUMAN;1433S_HUMAN;1433T_HUMAN;1433Z_BOVIN;1433Z_HUMAN	SFN;YWHAB;YWHAE;YWHAG;YWHAH;YWHAQ;YWHAZ		1	0		307.584	1884.99												6804.79					
Cont_P68082	MYG_HORSE	MB		1	1				5153.51			3897.78		8033.09		11843.2									
Cont_P68103;P68104;Q5VTE0	EF1A1_BOVIN;EF1A1_HUMAN;EF1A3_HUMAN	EEF1A1;EEF1A1P5		3	0		1972.57	18577.7	27766.3	791.241	7141.01	11100.2	15561.3	12312.4	10835.6	11777.3	8753.98	9743.33	3962.89	83388.7		2118.26			32347.5
Cont_P68138;P62736;P63267;P68032;P68133	ACTA_HUMAN;ACTC_HUMAN;ACTH_HUMAN;ACTS_BOVIN;ACTS_HUMAN	ACTA1;ACTA2;ACTC1;ACTG2		10	0	2906.3	123428	7065.61	252763	63788.6	69705.1	49922.2	133294	98269.4	89291.8	87092	2244.34	38975.2	15256	104841	50468.2	7434.37	49874.1	10752.6	3684.86
Cont_Q04695;Q04695	K1C17_HUMAN	KRT17		6	1	1203.09	1046.18	5276.81		384.193	1515.46	1039.55	1037.93	735.871	1069.27	791.325			1419.45	3461.96		586.861	2463.85	1212.75	5343.57
Cont_Q05B55	Q05B55_BOVIN	IGK		5	5					18846.5														4106.62	
Cont_Q15323;Q15323	K1H1_HUMAN	KRT31		6	1			12313.8																	
Cont_Q1RMN8	Q1RMN8_BOVIN	IGL		4	4	4552.75				44394.9		31190.2						11650.3							
Cont_Q1WEI2	Q1WEI2_PSEAI	prpL		18	18	4.71517e+06	279184	233610	187615	170743	919287	236391	716161	291932	159545	2.91323e+06	4.18553e+06	2.6811e+06	4.5503e+06	5.67632e+06	6.26837e+06	1.18015e+06	2.90916e+06	2.89355e+06	4.36112e+06
Cont_Q29443	TRFE_BOVIN	TF		6	6					6281.47															
Cont_Q2HJ86	TBA1D_BOVIN	TUBA1D		2	1		209.058	808.594	199.804	149.178	291.966	361.539		177.008		921.244			699.019	2027.2		1395.57			
Cont_Q2KJD0;P04350;P07437;P68371;Q13509;Q13509-2;Q13885;Q9BVA1	TBB2A_HUMAN;TBB2B_HUMAN;TBB3_HUMAN;TBB4A_HUMAN;TBB4B_HUMAN;TBB5_BOVIN;TBB5_HUMAN	TUBB;TUBB2A;TUBB2B;TUBB3;TUBB4A;TUBB4B;TUBB5		1	0		3066.27			2468.79															
Cont_Q2KJF1	A1BG_BOVIN	A1BG		1	1									6585.52								1290.06			
Cont_Q2UVX4	CO3_BOVIN	C3		3	3					3888.36															
Cont_Q3MHH8	Q3MHH8_BOVIN	AMY2A		14	5	6.8364e+06	2.65915e+06	3.39354e+06	159712	2.63988e+06	5.4515e+06	2.34241e+06	2.5054e+06	1.46924e+06	715602	205343	11340.3	82496	4.6862e+06	211214	59400	2.06348e+06	3.70328e+06	61823.3	1.55443e+06
Cont_Q3ZCH5	ZA2G_BOVIN	AZGP1		8	8	2480.71				11508.8	2972.26								5449.12		7081.16		1553.61		
Cont_Q5D862;Q5D862	FILA2_HUMAN	FLG2		4	4	2106.58	2557.01	961.224		1328.93		2578.84		2198.55		2847.33				40329		325.459		2931.06	3524.15
Cont_Q5KR48;P07951;P67936;P67936-2	TPM2_BOVIN;TPM2_HUMAN;TPM4_HUMAN	TPM2;TPM4		2	0		1479.89		17013.3			1530.26		2045.64	7985.06	2911.98				5545.9	6350.4		6225.42	1466.29	
Cont_Q7Z794;Q7Z794	K2C1B_HUMAN	KRT77		15	12	5811.24										12485.1			2047.93	198992	5763.9				2584.79
Cont_Q86YZ3;Q86YZ3	HORN_HUMAN	HRNR		2	2		1998.32	1177.78		1132.01	2444.26	804.352		2243.72	1115.73	1193.92								3993.62	1227.9
Cont_Q8N1N4;Q8N1N4	K2C78_HUMAN	KRT78		6	6	4027.11	3460.07				3946.65	1907.27				4985.13				78668.2				4739.35	3123.86
Cont_Q8SPP7	PGRP1_BOVIN	PGLYRP1		2	2	7096.39										1976.47							17355.2		
Cont_Q9NSB2;Q9NSB2	KRT84_HUMAN	KRT84		25	21	8205.64	16252.2	35960.6	21642.3	4436.08	30925	10618.1	17426.1	14965.6	18356	15472.1			9112.46		5941.06				
Cont_Q9TTE1	SPA31_BOVIN	SERPINA3-1		1	1		99.1403	284.636	6410.7	131.098		592.622	526.035	296.739	652.014										
K7EJ46;K7EJ46-2	SIM22_HUMAN	SMIM22		1	1			2965.22	12074.1	1983.43				961.219					9819.33	10317.6		679.052			
O00115;O00115-2	DNS2A_HUMAN	DNASE2		2	2	3972.65						1738.96			540.286				969.526						
O00161;O00161-2	SNP23_HUMAN	SNAP23		1	1										241.35	273.421						664.867			
O00182;O00182-2;O00182-3;O00182-6;O00182-4;O00182-5;Q3B8N2;Q3B8N2-2;Q6DKI2	LEG9B_HUMAN;LEG9C_HUMAN;LEG9_HUMAN	LGALS9;LGALS9B;LGALS9C		1	0							3233.55													
O00391;O00391-2	QSOX1_HUMAN	QSOX1		1	1			5053.35						786.83	1065.43										
O00584	RNT2_HUMAN	RNASET2		1	1	350.362	1245.51	2331.39		251.307		306.836	2547.76	1467.7	411.927	746.918	550.268		757.551	2156.71	1340	357.083	907.466		
O00754;O00754-2	MA2B1_HUMAN	MAN2B1		12	12	2791.38	902.347	904.643	1341.89	981.713	2881.72	4914.96	4755.38	4636.1	2205.52	1683.64	2170.03			1628.85	1682.55	3553.34	2996.23	1170.81	2983.15
O14494;O14494-2	PLPP1_HUMAN	PLPP1		1	1	455.118	476.512	611.979		776.997	1503.13	948.387	601.986			1137.33	2320.83		1471.72		2564.78	863.95			613.062
O14556	G3PT_HUMAN	GAPDHS		1	1	19773.7		3376.42				4018.25			8577.01		3184.38			20152.9		2475.82		13822.4	2073.79
O14818;O14818-2;Q8TAA3;Q8TAA3-2;Q8TAA3-5	PSA7_HUMAN;PSMA8_HUMAN	PSMA7;PSMA8		2	0	519.257	1389.89	5351.94		546.681			2823.84	6929.55	7590.12					16157.3		840.779			
O14880	MGST3_HUMAN	MGST3		1	1		356.953			77.0153						190.404			610.491	8846.29					
O14950;P19105;P24844	ML12A_HUMAN;ML12B_HUMAN;MYL9_HUMAN	MYL12A;MYL12B;MYL9		2	0			1218.57						26316.7								2008.37			
O14983;O14983-2;O14983-3	AT2A1_HUMAN	ATP2A1		9	3	3199.6	38175.9		56487.5	16199.3	11686.9	13380.1	19889.8	10085.5	13686.2	21074.3				82178.3	76870.6		47492.5	16648.5	
O15162;O15162-2	PLS1_HUMAN	PLSCR1		2	2							1789.63			1430.21	588.212				865.082		879.623			526.249
O15258	RER1_HUMAN	RER1		1	1					687.588				2223.36								1744.2			
O15273	TELT_HUMAN	TCAP		2	2	1208.56			2021.24	298.997		837.547		12831.9		5160.41		8314.19	792.281		5367		6673.62		
O15382;O15382-2	BCAT2_HUMAN	BCAT2		1	1							504.31													
O15393;O15393-2	TMPS2_HUMAN	TMPRSS2		2	2	1000.89	497.689	2087.98	1050.4	654.277	2743.09	2341.67	1653.23	3936.53	2369.64	570.851							710.347		
O15551	CLD3_HUMAN	CLDN3		2	1			1199.2								3478.69	9687.89		10811.9	42627.9					
O43149	ZZEF1_HUMAN	ZZEF1		3	3	3125.87	1208.61	528.915			1383.46	1206.53	1693.52	2241.83		842.996						723.95			1059.33
O43278;O43278-2	SPIT1_HUMAN	SPINT1		2	2	3017.49						3009.28													
O43280	TREA_HUMAN	TREH		19	19	4562.35	5790.04	8037.95	12490.8	21250.8		34800.5	30915.8	7269.26	4400.96	7286.21	6687.63	26159.5	32973.8		6859.4	2579.88	156446	9728.68	8069.35
O43451	MGA_HUMAN	MGAM		62	54	139675	121098	47548.4	104128	111155	140713	71977.7	120165	92390	28050.3	112147	144121	191035	147360	17451.4	290969	43860.6	256748	123655	93796.6
O43567;O43567-2	RNF13_HUMAN	RNF13		1	1									726.502							452.32	355.948			
O43653	PSCA_HUMAN	PSCA		1	1	2965.76	12426.6				1436.49	2646.58	1776.51	7578.87		11139.6		3166.76	950.265	4959.8	1331.58	2358.87		7289.37	6027.21
O43707	ACTN4_HUMAN	ACTN4		6	5			726.338	5541.32					14481.2	1348.91	1069.99				2901.62		4102.17			
O43895	XPP2_HUMAN	XPNPEP2		20	20	85854.9	24207.7	6958.21	27676.3	7298.4	9226.69	22288.7	24132.4	12725.7	23866.3	30964.2	82742.7	11953.5	26030.7	56823.5	18177.3	19467.3	81808.2	11380.7	32240
O60494	CUBN_HUMAN	CUBN		4	4	4996.79	2014.38			1130.16												1054.77	1498.36		
O60635	TSN1_HUMAN	TSPAN1		1	1	3594.88	19354.2	41886.2	8744.59	14937.9	3719.47	9909.03				8947.55	1620.93		17653.8	93045.2		2985.06			
O60637;O60637-2;O60637-3	TSN3_HUMAN	TSPAN3		1	1									7963.8											
O60814;P57053;P58876;P62807;Q5QNW6;Q5QNW6-2;Q93079;Q99877;Q99879;Q99880	H2B1C_HUMAN;H2B1D_HUMAN;H2B1H_HUMAN;H2B1K_HUMAN;H2B1L_HUMAN;H2B1M_HUMAN;H2B1N_HUMAN;H2B2F_HUMAN;H2BFS_HUMAN	H2BC12;H2BC12L;H2BC13;H2BC14;H2BC15;H2BC18;H2BC4;H2BC5;H2BC9		2	0			4646.61						56554.1								2331.03			
O60844	ZG16_HUMAN	ZG16		9	9	35109.7	32104.5	86828.8	313319	111050	503136	765126	216624	78624	29296.9	180595	193481	117472	92402.8	271104	161015	123652	54282.4	78534.7	29496.9
O75112;O75112-2;O75112-3;O75112-7	LDB3_HUMAN	LDB3		3	3	3456.14	5884.62		4319.47	2508.24		3197.01	6277.98	3635.72											
O75131	CPNE3_HUMAN	CPNE3		9	8	2153.37	2558.02	2536.22	6962.09	1041.14	6312.23	2190.67	8005.5	25604.9	1244.26	4161.67	8706.41		4889.02	10365.5	18201.8	23276.1	18891.8	6200.64	
O75340	PDCD6_HUMAN	PDCD6		2	2		718.754	1521.93						6138.27					2505.31						
O75379;O75379-2	VAMP4_HUMAN	VAMP4		1	1		28815.3	13312					41365.2	24467.6					9210.3				47025		2898.59
O75594	PGRP1_HUMAN	PGLYRP1		4	4			486.351				1334.86	3114.05	19087.8								6000.88			
O75746;O75746-2;Q9UJS0;Q9UJS0-2	S2512_HUMAN;S2513_HUMAN	SLC25A12;SLC25A13		1	0					644.412		297.177								2782.71					
O75795	UDB17_HUMAN	UGT2B17		4	1			2204.57	4182.19		432.969			2742.33						4603.46		1740.55			
O75830	SPI2_HUMAN	SERPINI2		1	1	619.003	6827.54	679.699	5145.08				4699.26		437.24	3428.64	1313.18			7911.69					3980.77
O75882-2;O75882	ATRN_HUMAN	ATRN		11	11	10320.9	1789.98	1831.38		1728.48		2110.6		3296.92	2644.95	1161.62			2520.58			1360.44	6269.78		2440.3
O95197;O95197-2;O95197-3;O95197-4;O95197-7	RTN3_HUMAN	RTN3		1	1									189.738		118.302			282.76		727.673	1010.15			171.812
O95471;O95471-2	CLD7_HUMAN	CLDN7		1	1														2165.61	13125.1					
O95477	ABCA1_HUMAN	ABCA1		1	1	658.356		3427.18		2004.9	3231.43	2539.22	5268.68	3224.9	1237.36				7917.04			932.124	3546.62		2388.69
O95497	VNN1_HUMAN	VNN1		9	9	8789.32		5952.45	20530.8			1951.8	3416.38	1964.29	4309.91	3389.32	34234.2	3739.02	2806.19	2112.84	2940.98	1007.29		1862.57	12038.1
P00156	CYB_HUMAN	MT-CYB		1	1	866.468			2120.44	771.944	1188.89	7709.56	1134.17	1864.82		8799.73	2662.43		2844.19	8163.21	3793.52	1620.08	5224.1		4625.19
P00326	ADH1G_HUMAN	ADH1C		2	1					4854.69		428.594		224.736	1313.33	508.003						2710.17			
P00338;P00338-3;P00338-4	LDHA_HUMAN	LDHA		2	2			1512.1						16109.5	4555.09							1049.89			
P00390;P00390-2;P00390-3;P00390-4;P00390-5	GSHR_HUMAN	GSR		4	4								816.164	667.54			1439.34		821.351			1125.36			437.779
P00441	SODC_HUMAN	SOD1		5	5	169761	133398	31922.1	247668	118163	293148	271414	23150	241086	151448	118483	345291		3609.73		6645.23	65272.5	332772		147061
P00450	CERU_HUMAN	CP		20	20			1507.74		2008.35		1212.02	40733.7	32733.5	16738.4	2029.39						13812.5			4115.14
P00491	PNPH_HUMAN	PNP		1	1									13990.3											
P00505;P00505-2	AATM_HUMAN	GOT2		2	2			1556.29		1443.92		5642.29		5187.78	1039.21										
P00558;P00558-2	PGK1_HUMAN	PGK1		4	2		2780.52			1204.71	1387.95		10725.5	625.932	2466.64	4028.33		4196.88		1931.07			3220.2	1470.89	
P00738	HPT_HUMAN	HP		8	3							20551.5	4686.41	32706.8	11861.4							4485.4			
P00747	PLMN_HUMAN	PLG		1	1									3517.29	1963.89										
P00813	ADA_HUMAN	ADA		9	9	10265.3		3051.18	4736.82			4115.46	5288.1	3674.51	12808.3	14508.8	33134.1		4793.62			1071.88	3047.38	5898.32	3613.35
P00915	CAH1_HUMAN	CA1		7	7	29930.3	20605.6	64257.7	72033.7	60487.8	13481.8	288462	110291	401277	95219.4	21271.7	6389.88	15036	5275.82	16670	7380.23	35693.2	14111.2	30805.7	13445.5
P00918	CAH2_HUMAN	CA2		2	2	1631.05	2260.64	4984.13	2798.91	1902.19	1204.87			21561.4	9256.17	1311.51	1614.68	5670.45	2508.72	4822.04		2105.15			
P01008	ANT3_HUMAN	SERPINC1		23	23	31333.7	15426.4	5702.26	35820.5	8175.05	9512.81	57810.8	210622	74429.9	179800	28830.2	18729.5	36893.6	7850.13	24197.4	54890.5	59809.9	141762	12280.7	71154.1
P01009	A1AT_HUMAN	SERPINA1		33	32	968802	243245	371231	517329	42366.6	268281	395525	1.37893e+06	336760	1.89417e+06	502902	147592	389285	150997	208786	597623	765639	1.03355e+06	171706	628502
P01011	AACT_HUMAN	SERPINA3		16	16	46548.7	80661.9	38579.1	184909	21201.4	73515.4	137121	426958	180289	101474	92356.3	18536.3	131795	17980.8	50605.7	128147	65650.5	92520.8	27598.6	252731
P01023	A2MG_HUMAN	A2M		13	10			1979.17				2245.66	26487.2	37879.4	41294.8	1484.45				12996.8		5392.84			
P01024	CO3_HUMAN	C3		14	14			1260.5	2819.55	1213.42		9533.95	20275.6	69770.4	46570.9	853.863						11329.7			1826.17
P01033	TIMP1_HUMAN	TIMP1		1	1									19423.3	17161.2							2730.14			
P01040	CYTA_HUMAN	CSTA		5	5	6740.19	2678.69	3073.5	7219.16	1769.32	4417.93	6181.35	28037.2	51901.2	18880	19802.3	10714.6	13998.3	3812.77	44357	6191.44	5917.59	21261.9	9252.07	11630
P01591	IGJ_HUMAN	JCHAIN		6	6	207425	24081.5	1.06063e+06	57216.1	42180.9	55760.2	208083	94628.4	100237	407367	194972	362409	358885	270664	75498.5	78668.6	109533	119325	76827.5	128606
P01593;P01594	KV133_HUMAN;KVD33_HUMAN	IGKV1-33;IGKV1D-33		1	0	10064		36117.2		9952.93	11829.2	10381.9	11723.7	8249.86	2865.46	423.811			4318.23		1731.05	13383.2			2973.05
P01597;P04432	KV139_HUMAN;KVD39_HUMAN	IGKV1-39;IGKV1D-39		2	0	3791.76		34120.7		3291.46	6180.25	4437.15	14434.6	5659.93	5228.66				1502.65		1603.08	2622.58			1912.42
P01599	KV117_HUMAN	IGKV1-17		3	1	5385.06	2088.58	31401.1	3141.86	9495.24	8039.47	19933.6	8029.85	14926	12768.8				8718.55		6144.07	3320.85	3744.98		10503.8
P01601	KVD16_HUMAN	IGKV1D-16		2	1	761.825		1696.31		696.492	661.779	2365.62	1018.64	747.049								530.954			
P01602	KV105_HUMAN	IGKV1-5		2	2	3764.46		24718.4		6319.89	7514.34	5290.17	14079.5	6639.37	1530.11				1574.1			2650.52			
P01619	KV320_HUMAN	IGKV3-20		7	4	115111	5700.67	454729	29247.5	181873	238810	343960	209163	298531	93989.6	8570.05	11676.5	33774.9	85157.3	18590.2	68906.9	191349	31213.7	22069.6	85680
P01624	KV315_HUMAN	IGKV3-15		1	0	89597.9	2883.22	107017		56277.3	33620.1	108215	68250.6	101886	3722.09	2328.31			65068.4	17641.3	12992	181667	7393.2	12605.2	16407.2
P01700	LV147_HUMAN	IGLV1-47		2	1	12666.3	775.903	53331.6	2940.75	12127.7	18592.8	44241.4	9219.69	15687.7	8163.9	967.471			4160.3	3051.89	2270.81	2812.53	5468.4		1249.09
P01701	LV151_HUMAN	IGLV1-51		2	2	20741.1	1778.41	13307.2	5025.18	21661.4	27033.9	48441.3	15691.8	36645.4	74016.6	4465.54	10148.8		6675.91		20951.4	9167.21	5929.19		11376.3
P01703	LV140_HUMAN	IGLV1-40		1	1	12140.8		34446.7		5616.41	10223.9	10922.9	2179	16385.3	17291.9				867.291			1150.41	4913.98		
P01704	LV214_HUMAN	IGLV2-14		1	1	13160.3		9110.31		6350.21	2752.37	4300.93	1525.75	5063.5											
P01706	LV211_HUMAN	IGLV2-11		1	1	4402.54		6536.14		1463	1809.29	3479.44		1214.82	32373.7							1276.37			
P01709	LV208_HUMAN	IGLV2-8		1	1	10075.3		17588.7		4881.14	10413.5	5181.8	1617.38	4590.36	36880.6				2590.48			1741.82			
P01714	LV319_HUMAN	IGLV3-19		4	4	9547.56		30390	5089.5	13038	9833.18	34020.6		21194.6	9413.02							2645.23			
P01715	LV301_HUMAN	IGLV3-1		2	1	17840.3		135322	12177.6	30667.8	57450.2	67029.9	12234.5	58296.6	207201			14213.1	3109.85			2034.53	13588		3547.83
P01717	LV325_HUMAN	IGLV3-25		4	1	7993.24		53556.5	3438.94	11112.9	3295.53	14978.4	3007.49	24717.8	55586.5							1745.01			
P01721	LV657_HUMAN	IGLV6-57		2	2	2236.14		1555.94		3152.82	4917.32	5373.81		9448.27	17902.2							522.682			
P01742	HV169_HUMAN	IGHV1-69		3	2	1707.23		1888.18		1145.64	2393.6		1378.46			911.916					1820.76		1560.99		
P01743	HV146_HUMAN	IGHV1-46		1	1			4555.53		5851.13	8324.46	5317.45			2028.83							2782.23			
P01764	HV323_HUMAN	IGHV3-23		2	1	24785	1198.02	139216	8052.53	45393.4	60775.7	87425.9	19263.9	24997.7	34587.5				22653.9	4317.12	7911.62	23601.7	3073.31	1686.46	11991.3
P01766	HV313_HUMAN	IGHV3-13		1	1			7676.79		4361.11	1924.72	11022.8		1928.85											
P01768;P0DP03	HV330_HUMAN;HVC05_HUMAN	IGHV3-30;IGHV3-30-5		2	0	31615.8		202565	6737.94	23270.7	52011	95288.9	45999.2	49208.2	77081.7	1294.36		7564.21	19508.2	7121.66	10690	27270.4	9748.29		24410.2
P01780	HV307_HUMAN	IGHV3-7		3	2	73497	4013.98	127673	3361.29	39858.6	80447.6	121328	74393.5	56659.9	52174.5	4097.13	3709.82	12249.3	36859.6		5515.43	55692.2	9853.35	2428.63	27517.6
P01782;P0DP04	HV309_HUMAN;HV43D_HUMAN	IGHV3-43D;IGHV3-9		2	0	9083.47		34880.8		14332	15686.3	26029	3094.11	3609.4	5206.16	916.306			4513.77		4288.04	6165.69		4145.53	3423.65
P01833	PIGR_HUMAN	PIGR		26	26	355850	177608	2.0988e+06	434549	116919	160901	522242	508157	320900	602389	382243	345197	359322	468183	163896	86889.9	106376	119551	76344.5	156347
P01834	IGKC_HUMAN	IGKC		2	2	1.12324e+06	200195	2.39082e+06	233204	1.67213e+06	2.17718e+06	2.79504e+06	3.26067e+06	1.02375e+06	1.93445e+06	282281	224229	1.14683e+06	787401	74251.1	1.52555e+06	3.03769e+06	1.09432e+06	504786	2.84892e+06
P01859;P01859-1	IGHG2_HUMAN	IGHG2		8	4	40538.7	18558.4	37740.3	23385.3	40314.6	24096.8	905125	274735	198191	79447	93792.8	39603		16249.9		44182.5	430984	241138	18379.9	70033.8
P01861;P01861-1	IGHG4_HUMAN	IGHG4		2	2			518.646				9426.35										2495.97			
P01871;P01871-1	IGHM_HUMAN	IGHM		15	15	151901	9589.84	232170	18045.7	37259	45306.9	160172	27545.3	75506.2	146579	6781.07	3928.9	14154.7	13917.8	33900.3	6897.3	56232	5798.37	8567.22	23544.1
P01876;P01876-1	IGHA1_HUMAN	IGHA1		19	10	1.75018e+06	389900	7.45104e+06	943709	643489	544263	3.16111e+06	2.63612e+06	1.86676e+06	3.59598e+06	1.12258e+06	668016	1.19886e+06	1.46129e+06	471729	335677	793368	467561	405631	415517
P01877;P01877-1	IGHA2_HUMAN	IGHA2		1	1			3900.62		5185.53		1503.97		4796.29	3762.92	1790.27									
P01903	DRA_HUMAN	HLA-DRA		6	5	3347.88		6855.68	14512.5		2010.1	11878		7350.25	9444.68	3798.43	6009.01			3601.5		8115.19	2450.02		
P01911	DRB1_HUMAN	HLA-DRB1		4	1	3246.48	1005.32	5752.67	4515.9	383.187	2019.78	8281.97		3402.1	6615.13	3715.88						4811.21		4773.38	
P02042	HBD_HUMAN	HBD		5	5							2982.92		73352.9								6181.18			
P02144	MYG_HUMAN	MB		1	1				20030.4																
P02452	CO1A1_HUMAN	COL1A1		1	1							2787.39							666.778						
P02462;P29400;P29400-2	CO4A1_HUMAN;CO4A5_HUMAN	COL4A1;COL4A5		2	0							6988.69		2247.04											
P02511	CRYAB_HUMAN	CRYAB		1	1				12801.5																
P02585	TNNC2_HUMAN	TNNC2		4	4	700.666			4491.11		11978.7	11832.9	549.068	2671.03	2403.52	17721.4							3996.63	15494.1	
P02671;P02671-2	FIBA_HUMAN	FGA		1	1										8941.58							2964.2			
P02675	FIBB_HUMAN	FGB		4	4			2261.23						267002	8619.26							48391.8			
P02679;P02679-2	FIBG_HUMAN	FGG		11	11			7417.72				20001.2	39654	59638.6	36628.4	6809.3						13113			
P02741	CRP_HUMAN	CRP		4	4							532.933			83433.2							1278.53			
P02743	SAMP_HUMAN	APCS		7	7	5461.3	3209.22	2022.21	3752.62	2125.41	7421.22	17642.7	50336.4	36572.2	7555.35	2381.56	4260.29		1295.47	4160.55	22610	18045.3	56514.8	4952.34	14437.3
P02748	CO9_HUMAN	C9		5	5								6702.16	5917.1	6971.11							10009.2			
P02750	A2GL_HUMAN	LRG1		1	1										9697.85										
P02763	A1AG1_HUMAN	ORM1		8	6	73535.5	6216.82	6230.17		7273.08	2933.55	103197	67522.6	86649.2	73261.2	8825.01	5857.34	7137.91			12871.9	188709	33510.7	3220.23	35138.5
P02766	TTHY_HUMAN	TTR		9	9	134063	70244.8	3120.67	3097.33	13887.8	111907	322117	3920.15	715401	691023	170642	57495.1	10544	47337.4		223796	23040.1	223028	130788	111545
P02768	ALBU_HUMAN	ALB		36	36		5021.5	9160.78	120101	3008.47	31973.5	5324.43	11566.3	1.11414e+06	222739	26499.8	18588		5451.43	10621.8	11791.2	22237.6	45099.1	11958.6	3591.37
P02787	TRFE_HUMAN	TF		13	13	4354.94						3407.01		46538.4	7290.99							3978.54			
P02788	TRFL_HUMAN	LTF		40	39	4354.52	13235.5	11479.3	4431.18	3304.64	8486.71	129966	87617.8	902046	49537.8	26855.9	2652.35		3271.6	20450.5	37032.3	337535	42475.5	11437.5	20646.7
P02790	HEMO_HUMAN	HPX		5	5									82101.7	20810.8							3758.56			
P02792	FRIL_HUMAN	FTL		6	6	1462.83	2381.88	3063.86	5379.7	4478.7		25046.7	58524.8	53601.5	2094.59	26791.1	5296.72	4242.5	2180.34	8565.21	83692.7	33148.6	17933.8	6275.02	30998.2
P02794	FRIH_HUMAN	FTH1		7	7	1692.14	6112.79	2879.18	13213.7	5189.55	4186.36	19784.8	78073.8	61676.1	6510.02	36403.5	12230.5	12105.8	1723.75	7681.58	133447	31004.4	18947.2	18173.9	39589.4
P02810	PRPC_HUMAN	PRH1		2	2	25208.8	12812.6	20513.4		809.51	5659.9		2736.67	9950.77	14758.5	2598.12	1578.51		27781.6		10314.4		25114.5	34321.2	
P02812;P04280	PRB2_HUMAN;PRP1_HUMAN	PRB1;PRB2		1	0														6114.84						
P02814	SMR3B_HUMAN	SMR3B		1	1	3374.74	24471.6	4376.57			30126.4					8934.19	3806	58903.9		51906.3	44961.8		52850	28640.6	2953.14
P04003	C4BPA_HUMAN	C4BPA		2	2							1672.41	12091.8	5777.61	6570.31							3588.11	2661.19		
P04004	VTNC_HUMAN	VTN		4	4			1123.52			8073.89	15242.5		27863.4	49535.8	1119.43						6695.38			
P04040	CATA_HUMAN	CAT		15	15	695.619								5818.44	1610.6	2058.9				9452.73		5054.93			
P04054	PA21B_HUMAN	PLA2G1B		6	6	243961	763643	328988	96066.2	71563.7	942246	452618	368941	114890	53569.7	66762.1	77015.3	172747	117258	215933	66196.6	111916	600417	294757	165255
P04066	FUCO_HUMAN	FUCA1		1	1		2156.1		1972.47						1109.97	3004.47	830.344	3612.37	3291.98	5459.31		462.567	996		
P04075	ALDOA_HUMAN	ALDOA		7	3	1862.04	49865	4392.66	125984	15511.6	104055	23694.5	166243	153817	61720.9	55096.7		17627.2		63359.3	77172.9	4409.69	89365.4		9469.56
P04080	CYTB_HUMAN	CSTB		2	2	2552.29		1601.2	2277.71			1483.3		6259.46	1056.68	2057.11				2533.7		2335.22			
P04083	ANXA1_HUMAN	ANXA1		10	10			2541.06	5880.99		1682.27	4273.83	3972.51	146674	2716.48	12178			1745.79	21037.5		9689.75			
P04118	COL_HUMAN	CLPS		6	6	290594	54438.6	5645.69	57473.4	1.12134e+06	81687.3	133132	287130	251367	65736.4	40359	33737.9		49042.5	107053	42967.8	6364.31	74458.6	21616.3	45358.7
P04179	SODM_HUMAN	SOD2		11	11	53255.5	1434.44	3227.36		12738.3	92251.5	67094.4		75349.2	41674.3	17344.5			1818.03			4367.71	1533.32		
P04211	LV743_HUMAN	IGLV7-43		2	0	7644.17		18839	4003.16	4988.95	5117.82	18507.9	7368.07	60979.4	7657.52			14478.3	6069.34		13569.3	2422.04	8241.03	1793.21	3433.06
P04406	G3P_HUMAN	GAPDH		11	11	16576.6	240629	808526	464849	111155	27543.3	374010	219494	233595	167621	121102	371076	409851	79863.2	310298	96499.7	42731	269480	133112	197864
P04430	KV116_HUMAN	IGKV1-16		2	2	3254.13		6268.42		2040.22		2319.6	2968.17	4289.26	1554.52				3830.08			2706.29			3352.17
P04440	DPB1_HUMAN	HLA-DPB1		1	1							12402.1				4795.55									
P04632;Q96L46	CPNS1_HUMAN;CPNS2_HUMAN	CAPNS1;CAPNS2		2	0		5644.39	15735.2	14919.8	6306.77	9963.25	3157	9054.76	34875.5	4513.28	8274.9	5468.31	5991.91	9252.4	6566.49	2373.84	6629.65	5486.52	3197.89	2155.3
P04746	AMYP_HUMAN	AMY2A		32	5	5.73539e+06	4.41262e+06	5.26803e+06	360518	4.56686e+06	8.75633e+06	2.70576e+06	7.04033e+06	2.0189e+06	1.30725e+06	191024	10862	187394	3.01567e+06	162462	94332.4	1.86442e+06	5.67027e+06	93222	1.45417e+06
P04792	HSPB1_HUMAN	HSPB1		1	1			1244.37																	
P04839	CY24B_HUMAN	CYBB		1	1									4858.71											
P04908;P0C0S5;P0C0S8;P16104;P20671;Q16777;Q6FI13;Q71UI9;Q71UI9-2;Q71UI9-5;Q7L7L0;Q8IUE6;Q93077;Q96KK5;Q96QV6;Q99878;Q9BTM1;Q9BTM1-2	H2A1A_HUMAN;H2A1B_HUMAN;H2A1C_HUMAN;H2A1D_HUMAN;H2A1H_HUMAN;H2A1J_HUMAN;H2A1_HUMAN;H2A2A_HUMAN;H2A2B_HUMAN;H2A2C_HUMAN;H2A3_HUMAN;H2AJ_HUMAN;H2AV_HUMAN;H2AX_HUMAN;H2AZ_HUMAN	H2AC1;H2AC11;H2AC12;H2AC14;H2AC18;H2AC20;H2AC21;H2AC25;H2AC4;H2AC6;H2AC7;H2AJ;H2AX;H2AZ1;H2AZ2		1	0			1899.83		1085.35				1798.54					1761.46	146180					
P05026;P05026-2	AT1B1_HUMAN	ATP1B1		2	2		2811.42	1926.27		1611.98				5461.96					2503.3	6426.86		1275.95			
P05067;P05067-11;P05067-7;P05067-8;P05067-9	A4_HUMAN	APP		2	2	26262.4	23773.2	7340.24	3012.71	1750.57	24295.8	6249.49	18328.6	6130.41	4157.5	5479.48	7896	24911.9	4933.54		17465.8	3359.81	21111.6	2604.28	14629.5
P05089;P05089-2	ARGI1_HUMAN	ARG1		2	2									2994.34						12528.8					
P05090	APOD_HUMAN	APOD		5	5	769.798	6086.72	4533.34	16491.6	1635.9	3034.26	7749.02	12350.9	4429.63	52566.2	5777.76	11114.6		4859.52	136055	3323.33				2273.88
P05091	ALDH2_HUMAN	ALDH2		2	1			2708.63						10068.2	4264.83							1220.69			
P05107	ITB2_HUMAN	ITGB2		6	5							2822.37	1442.06	34680.9	4911.32							2532.42			
P05109	S10A8_HUMAN	S100A8		11	11	25689.6	59261.2	213894	54259	15174.7	268757	926055	2.0973e+06	1.36695e+06	235355	241611	14956.7	9699.9	13212.8	30141.8	601036	241466	408713	106699	644176
P05141	ADT2_HUMAN	SLC25A5		8	2	140.701	13254.3		6132.61	3565.15	2074	6921.59	2330.44	2683.25	1128.75	1452.07			645.789	1663.96	3374.98		3728.51		
P05154	IPSP_HUMAN	SERPINA5		1	1										2700.56							819.099			
P05155;P05155-2;P05155-3	IC1_HUMAN	SERPING1		5	5				24496.7				62000.4	7507.73	13018.6	9035.14	8597.99		6234.93	47882.3		4301			27038.2
P05164;P05164-2;P05164-3	PERM_HUMAN	MPO		26	22		5046.74	14216.8	8043.18	3136.05		17628.9	92847.6	138718	29267.4	17360.9			4116.67	30133.5	12366.9	46366.3	14827.9	7802.2	18064.4
P05186	PPBT_HUMAN	ALPL		7	7	789.546	1231.87	516.956	1434.57	1250.91	1139.45	1131.44	1162.65	2441.5	5890.02	742.228	985.791		1267.81		3219.77	1805.78		694.28	
P05187	PPB1_HUMAN	ALPP		1	0	97119.1	3830.76	1185.51		5878.3	3357.6	6015.5	6863.41	5288.67		15104.9	13202.1	12309.6	9847.21	20754.2		18089.7	8965.96	5060.41	19417.1
P05204;Q15651;Q15651-2	HMGN2_HUMAN;HMGN3_HUMAN	HMGN2;HMGN3		1	0									10824	799.231							76.7672			
P05451	REG1A_HUMAN	REG1A		7	5	2.08898e+06	24282.3	109240		3351.18	175178	216920	59437.2	104328	195203	223650	4826.95	144642	30718.4	16684.9	69996.5	164581	23398.7		73177.7
P05496;P48201;Q06055;Q06055-2;Q06055-3	AT5G1_HUMAN;AT5G2_HUMAN;AT5G3_HUMAN	ATP5MC1;ATP5MC2;ATP5MC3		1	0		3659.18		8590.57	994.157	2447.79	15552.2			4236.59	4539.83	6868.86			15650.4	4170.22	669.94			4673.58
P05556;P05556-2;P05556-3;P05556-4;P05556-5	ITB1_HUMAN	ITGB1		2	2			3701.66	13124.7						2493.13		9166.58								
P05771;P05771-2	KPCB_HUMAN	PRKCB		3	3							628.55		4164.09								2584.06			
P05976	MYL1_HUMAN	MYL1		6	4	7670.54	24168.4	755.734	106055	5708.31	4971.26	85603.7	17388.7	68546	328604	170670		89097.1	3691.46	80642.2	66418.5		28780.4	5135.5	5971.63
P06310	KV230_HUMAN	IGKV2-30		1	1	86654.8		66530			91042.4			191941		3600.16	4416.73	26715.5	21766.7		8337.21	35205.8	7543.87	5734.52	23719.1
P06312	KV401_HUMAN	IGKV4-1		5	5	152826	8346.68	291860		83125.8	118760	126379	141814	136807	166692	11419	9796.54	53652.7	69140.5		24422	84131.4	22986.4	9194.72	42736.6
P06331	HV434_HUMAN	IGHV4-34		3	1	71393	5263.07	305856	31440.1	57431.8	149171	205881	72819.9	91263.7	233739	6796.94		53551	31424.3	6702.61	131890	72342.9	76007.3	19248.4	72356.9
P06396;P06396-2;P06396-3;P06396-4	GELS_HUMAN	GSN		2	2			1128.36						16680.3											
P06576	ATPB_HUMAN	ATP5F1B		3	3		8894.59	39388.7	63469.4	2654.45	3407.2	1039.53	9143.38	1411.68	1199.85	13274.9		95000	21145.9	137463					
P06702	S10A9_HUMAN	S100A9		12	12	37725.2	70895.3	308994	96760.7	16553.1	415969	1.25688e+06	3.17121e+06	1.82915e+06	541154	516345	29431.7	40222	21910.4	45746.1	1.00871e+06	353564	1.15744e+06	303536	914527
P06703	S10A6_HUMAN	S100A6		3	3		1886.87	44850.5	38393.3			707.741	8875.52	13663.9	4938.82	2085.73			4015.95			1216.17			3640.53
P06731	CEAM5_HUMAN	CEACAM5		12	9	255081	83434	713906	338678	275195	316633	1.04299e+06	226953	666129	143982	229195	327442	222305	393422	240771	254575	277050	188566	70316.5	127746
P06732	KCRM_HUMAN	CKM		4	4	1162.14	27921.1		167903	42882.3	28141.7	58085.2	92279.3	43419.2	72567	24355.3		6512.54		12847	17667.5		10227.8	5644.57	
P06733-2	ENOA_HUMAN	ENO1		3	2			843.429	8354.64	2409.03		23997.7	6494.39	7477.42	18449.4	1781.03				1430.9	2588.5	2779.87	2019.39		
P06737;P06737-2	PYGL_HUMAN	PYGL		1	1									7763.43	2340.14										
P06744;P06744-2	G6PI_HUMAN	GPI		6	5	9016.99		4550.69		2068.83		13672.9	1688.21	91606.7	20086.1							6212.58			
P06748;P06748-2;P06748-3	NPM_HUMAN	NPM1		3	3	870.325			1060.67		4060.83	3780.21	5266.29	8486.03	1988.54	1456.81	1256.39	3767.59	540.534		3415.31	790.555			1315.13
P06753;P06753-4;P06753-5;P06753-7	TPM3_HUMAN	TPM3		1	1				2452.53			320.306			1018.32			8270.83			2452.96		2564.78		
P06865	HEXA_HUMAN	HEXA		1	1			2227.08	2982.05			1654.42	3291.24	11133.8	9427.37							1652.82			
P06870;P06870-2	KLK1_HUMAN	KLK1		6	6	271625	174646	249517	278551	71813.6	588598	495503	562196	212572	102962	347067	31860.3	232640	255045	13516.9	398384	49647.2	6290.56	185719	92917
P06899;P23527;P33778;Q16778;Q6DN03;Q6DRA6;Q8N257	H2B1B_HUMAN;H2B1J_HUMAN;H2B1O_HUMAN;H2B2C_HUMAN;H2B2D_HUMAN;H2B2E_HUMAN;H2B3B_HUMAN	H2BC11;H2BC17;H2BC19P;H2BC20P;H2BC21;H2BC26;H2BC3		1	0		4175.45					1097.35		26058.9		2962.34						1227.71			
P07108;P07108-2;P07108-3;P07108-4;P07108-5	ACBP_HUMAN	DBI		1	1					647.155				12310.4	1545.19							4098.79			
P07148	FABPL_HUMAN	FABP1		2	1			6548.55	33945.2	3941.19				12607.4	27740.9	7578.96	1189.25	48925.6	10579.7	20722.1					
P07203	GPX1_HUMAN	GPX1		5	5			2297.25					708.56	7805.9								3783.57			
P07237	PDIA1_HUMAN	P4HB		8	8		733.728	1875.54		232.849		510.753		29095.4	1682.7	1860.53			918.38			2081.01			
P07339	CATD_HUMAN	CTSD		5	5			9478.19	7069.55	1519.68		1646.41	5065.62	11435.6	5177.23	4529.98	2868.32	4226.48		4885.68	2025.46	1917.16			
P07355;P07355-2	ANXA2_HUMAN	ANXA2		11	1	968.481	12024.9	55649.7	35939.3	9680.13	8374.32	5162.33	5456.84	28356.5	2598.55	15221.1	4556.01	7512.83	28604.6	30380.6		3188.3			1534.58
P07384	CAN1_HUMAN	CAPN1		7	7			4086.99	2525.77	1946.51		971.828		5771.82		1742.81			2542.88			5521.92			
P07477	TRY1_HUMAN	PRSS1		6	4	664180	161005	235903	118232	71754.5	285827	85898.7	367286	104325	80762	227875	171796	259785	576271	96878.1	1.00398e+06	133729	1.50178e+06	2.19333e+06	634800
P07478	TRY2_HUMAN	PRSS2		7	4	1.92848e+06	407882	373344	77388.1	51431.8	397819	181792	424971	150417	89789.6	304703	108708	384491	425712	71310.6	1.09129e+06	320709	1.11838e+06	1.13945e+06	786117
P07602;P07602-2;P07602-3	SAP_HUMAN	PSAP		4	4	26006	11366.3	13553.2	11519.3	1973.25	39758.4	27243.3	4279.15	77422.3	70252	8532.22		20761.4	3776.34	15006.2		6817.08	12978.1	7054.89	7328.95
P07686	HEXB_HUMAN	HEXB		2	2			5169.99				1335.59	4403.61	2592.8	6280.85	1652.91									
P07737	PROF1_HUMAN	PFN1		1	1			943.938						28329.2	3005.51							962.754			
P07900;P07900-2	HS90A_HUMAN	HSP90AA1		2	2		1841.87	1061.14		872.731	4143.13	2158.97	16823.5	8751.41	2954.88	2118.94									
P07910;P07910-2;P07910-3;P07910-4	HNRPC_HUMAN	HNRNPC		1	0									14319.9	1983.69							2172.39			
P08133;P08133-2	ANXA6_HUMAN	ANXA6		7	7		2372.75	425.675	2484.05			1083.21		26734.2	2554.59	2174.93						3150.73			
P08134;P61586	RHOA_HUMAN;RHOC_HUMAN	RHOA;RHOC		1	0		920.56	265.823		685.371		928.836		455.27		444.767							963.478		
P08183;P08183-2	MDR1_HUMAN	ABCB1		1	1		1438.43		3587.79	2973.98									5411.32	7540.1					
P08217	CEL2A_HUMAN	CELA2A		17	14	6.46473e+06	2.82633e+06	949445	185455	1.56176e+06	7.43973e+06	4.76949e+06	190536	2.03161e+06	462763	130141	52236.8	2.7962e+06	108152	135833	73842.2	557977	235465	76937.6	706066
P08236;P08236-2;P08236-3	BGLR_HUMAN	GUSB		4	4	1927.12	777.59	593.273	2307.1			1275.89	1387.07	714.572	1238.11	1781.68	4264.28		2241.95	6138.76	5421.75	2143.23	4674.11	1773.91	2687.15
P08246	ELNE_HUMAN	ELANE		4	4		11094.9	15005.3	2931.2	3546.22	6342.98	83982.3	28595.8	167326	978.225	2811.46				11170.2		15146.8			1243.09
P08311	CATG_HUMAN	CTSG		5	5		8520.35	16427.2	5086.34	2539.89	19530.7	23802.2	55870.9	712005	80262.7	11409.6			8997.35	19788.1	12863.6	25982.2			13216
P08473	NEP_HUMAN	MME		31	31	70058.7	27094.6	11339.8	11214.4	10779.3	49760.9	24435	8870.41	17891.7	12947.2	24201.2	21601	34297.8	14956.9	59484.6	7029.25	8522.38	14817.9	8316.07	11325.4
P08590	MYL3_HUMAN	MYL3		2	2				15784.7	1528.73		3307.08			12483.9	12106.4									
P08670	VIME_HUMAN	VIM		3	2		5780.37		8311.13	540.987			12387.3	4013.45	7043.34	2480.78						689.244			
P08697;P08697-2	A2AP_HUMAN	SERPINF2		1	1		2093.65		10881.8				11549.7	7216.44	13263										
P08758	ANXA5_HUMAN	ANXA5		6	6		964.899	3034.37	1382.77	806.406			828.659	19492.2	976.51				1992.72	3494.75		2309.41			
P08861	CEL3B_HUMAN	CELA3B		8	8	186183	475493	849615	123659	513016	1.24666e+06	230375	46037	402425	49179.8	229367	70099.1	565763	305557	177000	52531.8	238994	104731	30439.6	228785
P08962;P08962-2;P08962-3	CD63_HUMAN	CD63		2	2		2956.92	5134.77	12413	5335.83	2535.27	5292.3		61301.3	2852.16				10417.8	22735.2					
P09093	CEL3A_HUMAN	CELA3A		15	12	7.824e+06	4.39084e+06	3.72503e+06	2.79536e+06	3.45829e+06	7.40759e+06	3.23484e+06	4.11362e+06	3.09021e+06	163466	5.86248e+06	3.71917e+06	1.86783e+06	5.93212e+06	1.20354e+07	6.3221e+06	2.05076e+06	1.22751e+07	3.27016e+06	2.0812e+06
P09488;P09488-2;P46439	GSTM1_HUMAN;GSTM5_HUMAN	GSTM1;GSTM5		2	0									15570											
P09493;P09493-6	TPM1_HUMAN	TPM1		3	3		10809.9		20303.3		25221.7	4017.36	5989.63	5860.62	26950.9	4716.67		13825.1			5341.7		6626.77		
P09525;P09525-3	ANXA4_HUMAN	ANXA4		8	8	2224.2	3476.37	9093.6	7938.05	2198.84	3207.79	2855.14	1522.44	13023.6	1776.2	3615.04	1482.81		7215.52	8082.93	2245.53	3445.64	4330.37	1624.03	2113.13
P09622	DLDH_HUMAN	DLD		6	6			1591.49					2148.44	1693.24	4570.45	2903.49	7967.26		2328.92			3650.78	5325.28		
P09668	CATH_HUMAN	CTSH		5	5	3954.16	1288.87	971.737		2116.09		5163.78	5840.95	7625.7	2812.64	2987.61	2741.38				3585.65	3190.49	1982.9	2688.6	2467.98
P09848	LPH_HUMAN	LCT		18	18	26857.5	8504.02	1644.73		1346.55	3014.18	12831.6	51349.5	12748.3	12297.1		10083.3			24557.2		26010.1	7742.12		4704.88
P09917;P09917-2;P09917-3	LOX5_HUMAN	ALOX5		7	7								8954.81	19558.4	5220.08						12012.3	21934.4	8865.96		8884.38
P09923	PPBI_HUMAN	ALPI		23	18	224878	297816	119224	39799.1	308189	540433	373317	347765	299941	75775.9	96146.3	131661	255158	36781.6	102192	11469.1	60087.5	128340	24005.7	178807
P09960;P09960-2;P09960-3;P09960-4	LKHA4_HUMAN	LTA4H		2	2									10192.3	1773.1							4435.9			
P0CG47;P0CG48;P62979;P62987	RL40_HUMAN;RS27A_HUMAN;UBB_HUMAN;UBC_HUMAN	RPS27A;UBA52;UBB;UBC		4	0	1524.12	1382.47	38864.8	10626.3	1311.21			1479.91	1379.13	2118.36	9741.42	7943.43	9094.2	22136.9	113233	1861.36	4888.07		3544.32	2596.2
P0DMV8;P0DMV8-2;P0DMV9	HS71A_HUMAN;HS71B_HUMAN	HSPA1A;HSPA1B		4	0			754.049						38153.8		726.839						5419.58			
P0DOX2	IGA2_HUMAN			11	10	456701	142317	1.2741e+06	470263	432308	432817	868329	470055	752854	1.49338e+06	408265	382491	1.80142e+06	407558	141440	263922	278907	211286	94971.6	213623
P0DOX3	IGD_HUMAN			2	2	4852.33		11883.3		7653.4	6518.82	16096.2	8776.97	4929.82	695.911				2580.13			7767.11			2444.14
P0DOX5	IGG1_HUMAN			11	6	40438.5	4102.02	25549.7		40948.2	27581.8	734786	87699.6	312516	202102	11582.4	9033.98	10864.7	14832.8		10399.3	247139	36738.5	7067.59	81459.2
P0DOX7	IGK_HUMAN			9	9	1.6454e+06	131504	1.8278e+06	91227	1.70967e+06	1.89218e+06	3.94834e+06	1.5683e+06	1.54984e+06	565371	250370	200329	252962	839497	105365	613816	1.99507e+06	628214	392051	788310
P0DOX8	IGL1_HUMAN			8	1	381821	19352.7	499243	52654.5	468838	470269	936345	111488	326661	514198	27591.6	8596.96	110676	29853.3	10984.4	52076.6	41553.7	21274.1	15150.9	51282
P0DOY2	IGLC2_HUMAN	IGLC2		4	0	419769	26142.6	383809	71411.3	361563	368576	1.33003e+06	150907	862849	716376	29249.9	8417.68	104531	37951.2	13161.6	58564.2	55027.1	41673.5	18755.4	104765
P0DP01	HV108_HUMAN	IGHV1-8		1	1	2459.78								1151.98								524.298			
P0DP23;P0DP24;P0DP25	CALM1_HUMAN;CALM2_HUMAN;CALM3_HUMAN	CALM1;CALM2;CALM3		4	0		2570.59	8765.31	3760.53	143.217				14125.7	737.17	3635.35		8387.39	1839.58	8075.57		436.955			
P0DTE1	HV383_HUMAN	IGHV3-38-3		1	1			1176.38		5955.89				1135.18								622.339			
P0DTE7;P0DTE8;P0DUB6	AMY1A_HUMAN;AMY1B_HUMAN;AMY1C_HUMAN	AMY1A;AMY1B;AMY1C		7	0	1.61623e+06	110825	216465	12103.1	313367	420992	834461	387378	317142	527439	125347	2644.72	11883.7	135956	109915	11555.3	27863.6	1.01135e+06	34020.9	2517.16
P10153	RNAS2_HUMAN	RNASE2		3	3	11124.4	4583.93	1601.87		4808.53	2319.57	27549.2	17793.1	73392	1593.62	7254.65		4457.92			47425.3	122930	6207.69	2787.16	36133.2
P10163	PRB4_HUMAN	PRB4		1	1	908.65									26888				1106.68						
P10253	LYAG_HUMAN	GAA		4	4	1810.97	474.258	357.739	506.28			644.689	952.083	862.205	419.169	1619.79	3833.55	1219.66	746.3	896.995		465.361			819.729
P10599;P10599-2	THIO_HUMAN	TXN		1	1	1606.52		3000.82							3052.83	5453.58			3293.1	34396.9					
P10909;P10909-2;P10909-3;P10909-4;P10909-5;P10909-6	CLUS_HUMAN	CLU		1	1															18425.6					
P10916	MLRV_HUMAN	MYL2		1	1										5089.45										
P11021	BIP_HUMAN	HSPA5		8	8			1308.65						5260.04	585.425		1921.81		3287.87	16301.9		727.875			
P11142;P11142-2	HSP7C_HUMAN	HSPA8		2	1			1668.14	2871.51	471.419				15729.8	679.387	3237.64						2711.24			
P11215;P11215-2	ITAM_HUMAN	ITGAM		7	7									12081.9	3523.3							972.189			
P11217	PYGM_HUMAN	PYGM		11	7		3865.69		21852.8	312.205		3232.24	3641.79	1510.16	14179.8	5224.86				8324.89	6302.6				
P11279	LAMP1_HUMAN	LAMP1		2	2		758.594	1636.17				124.626	2018.79	718.49	450.017	894.841						1090.02			
P11678	PERE_HUMAN	EPX		18	18		2161.24	8498.99	2833.83	1647.18		5245.32	4302.42	33174.2	994.304	1740.16				20461.8	4365	7712.85	2242.26		2569.25
P12081;P12081-2;P12081-3;P12081-4;P49590;P49590-2	HARS1_HUMAN;SYHM_HUMAN	HARS1;HARS2		1	0														6216.99	47869.1					
P12235	ADT1_HUMAN	SLC25A4		1	0		9750.14		17521.4	5604.24		7734.93			2807.17	7319.76				32606.6	48299.3		13602.6		
P12236	ADT3_HUMAN	SLC25A6		1	1		6920.02			351.373			989.249	352.177		585.633									
P12273	PIP_HUMAN	PIP		4	4	4564.23	3479.83	1288.83		563.682	2412.7	2023.58	993.717	5076.44	1367.84	4877.27			2041.2	24741.5	2068.34			6917.66	2178.98
P12429	ANXA3_HUMAN	ANXA3		7	7			1615.24	1704.05			692.83	4942.54	41615.9	971.843							3318.62			
P12532	KCRU_HUMAN	CKMT1A		5	4	4570.98	19153.2	15169.9	53385.3	4907.69	10621.2	13531.4	24571.8	10624.9	36790.4	22877.7	29503.3	31115.4	16559.9	66815.7	11071.5	4173.62	9907.27		7866.91
P12724	ECP_HUMAN	RNASE3		1	1			5345.69				5756.39	4106.03	4225.43		10281.9				76809.4		2269.37			
P12814;P12814-2;P12814-3;P12814-4	ACTN1_HUMAN	ACTN1		16	6		10570.8	1700.22	16902.8	5535.83	7072.42	4867.21	15417	21082.6	3675.11	9231.07			2728.7	8686.64		2306.19	1007.84		
P12821	ACE_HUMAN	ACE		25	25	6227.46	10976.2	18030.3	23266.9	4032.62	6332.47	4761.62	45240.8	4429.07	3022.08	6736.67	31846.8	4164.41	55537.9	4222.27		2792.95	6921.79	4718.3	7714.32
P12829	MYL4_HUMAN	MYL4		1	1		1398			389.657			2874.75												
P12830	CADH1_HUMAN	CDH1		11	10	27636.1	10249.2	14154.9	22148	21111.2	33514	20262.4	21716	23267.7	5448.94	13835	32726.7	12120	17153.3	5065.53	36831	9298.41	48195.5	32280.3	25783.7
P12838	DEF4_HUMAN	DEFA4		1	1							981.656										1223.7			
P12882	MYH1_HUMAN	MYH1		6	4		22133.2		16689.1	18180.9	16415.9	7790.89	72771.9	17525	28579.4	20473.2		9628.07		15646.3	6871.15	1805.54	23012.7		
P12883	MYH7_HUMAN	MYH7		12	4	7194.32	7726.06		115278	27407.9	4326.34	28522.7	5339.26	63475.6	35744.6	50906.8		14914.1	3001.66	17390.8	25151.9		9905.47		
P12955	PEPD_HUMAN	PEPD		11	11	6619.13	6668.99	1896.03	5861.84	2359.38		16502.1	5146.91	6214.88	7682.85	9835.89	9261.08		3101.05	6409.56	6489.05	11611.4	5195.06	3306.81	
P13473;P13473-2;P13473-3	LAMP2_HUMAN	LAMP2		4	4	45368.9	19890.3	8444.36	41238	18896.7	17054.4	17935.7	35895.7	43935.9	2390.1	11447.8	13176.8		16496.2	6789.17	23981.6	38868.4	11493.8	18704	9305.88
P13498	CY24A_HUMAN	CYBA		2	2									30697.5								2058.48			
P13535	MYH8_HUMAN	MYH8		3	3		8409.84		49320	51853.2		15293.2	38618.8		6665.99	928.48					708.473		3218.26		
P13569;P13569-2;P13569-3	CFTR_HUMAN	CFTR		1	1		11892.9	6583.14	51192.6	13931.6		6844.25	16580.9	15014.2		7511.72	32810.1	36639.1	10310.5	33658.9		1302.27			
P13639	EF2_HUMAN	EEF2		2	2			1613.82						14073.2	1587.5					3703.86					
P13688;P13688-10;P13688-2;P13688-8	CEAM1_HUMAN	CEACAM1		7	6	10564.1	13189	51922.6	7193.13	19259.8	30036.5	49567.5	24937.3	35252.1	15011.9	13802.5	9165.31	22996.8	12488.9	15826.3	11525.5	8566.42	13350.9		11637.4
P13727	PRG2_HUMAN	PRG2		4	4			7268.09		820.263				142846	2300.87					7688.15		2357.09			2374.25
P13796	PLSL_HUMAN	LCP1		9	6			986.7	3280.86					35275.1		474.609						3892.32			
P13805;P13805-2;P13805-3	TNNT1_HUMAN	TNNT1		6	3	2095.55	65825.4		210991	10052.1	242708	36748.4	41304.9	77080.2	41674.4	47860.8		33619.3	1271.94	52317.3	21101.9		9438.67		
P13866	SC5A1_HUMAN	SLC5A1		1	1															52367					
P13929;P13929-2	ENOB_HUMAN	ENO3		2	2	700.053			13660.8	5607.93		5633.76	1028.04	15911.7	1477.79	5406.27				3057.76	8055.76		2588.5		
P13987;P13987-2	CD59_HUMAN	CD59		1	1					556.12				10661.1											
P14410	SUIS_HUMAN	SI		42	41	20812.3	9623.53	6176.13	15658.4	4208.95	6793.42	18141.3	78526.9	15366.2	12691.5	11735.8	19999.7	9020.97	11426.7	23644.2	5852.65	7246.83	7825.23	5560.14	12146.9
P14555	PA2GA_HUMAN	PLA2G2A		5	5	4221.3	8395.74	8767.37	5594.25	5478.11	46646.1	23230.7	15204.6	21311	4235.5	5724.41	5164.28	8922.13	10955.3	34489.5	4299.39	5449.44	14391.4	4435.52	16290.5
P14618;P14618-2;P14618-3	KPYM_HUMAN	PKM		2	1				5924.28						10060.3	1914.07					4704.71				
P14625	ENPL_HUMAN	HSP90B1		3	2		488.537	492.461		820.962				5688.75	547.189	896.635				865.882		492.815			
P14649	MYL6B_HUMAN	MYL6B		2	2	832.461			13062.6			1470.01		1560.24	7768.76	7215.18					8539.23		2959.08		
P14780	MMP9_HUMAN	MMP9		3	3			895.134					3217.55	25175.2	3069.02							3660.81			
P14854	CX6B1_HUMAN	COX6B1		1	1				1700.06	571.568		1954.12		1093.42		727.795									
P15085	CBPA1_HUMAN	CPA1		20	20	2.09351e+06	727440	298594	817232	3.42896e+06	1.75743e+07	5.6382e+06	3.51596e+06	5.75608e+06	1.80867e+06	253275	1.90971e+06	149440	1.4573e+06	158414	309392	485354	5.24517e+06	3.44509e+06	2.36997e+06
P15086	CBPB1_HUMAN	CPB1		23	22	192838	325643	3.48632e+06	199915	72085.2	4.29579e+06	1.09705e+06	1.80573e+06	448363	384568	534957	436752	453977	205177	61504.3	353897	78321	490100	852462	697959
P15144	AMPN_HUMAN	ANPEP		29	29	166790	24686.1	209910	43601	54138.7	339898	175497	56652.9	354732	146006	71477.2	25081.9	146661	15957.2	52127.7	208089	20940.8		12769	49962.2
P15259	PGAM2_HUMAN	PGAM2		2	2				11479	690.766		5961.39		5993.06	16204.8	6732.61				10268.5	13069.8		6613.98		
P15531;P15531-2;P22392;P22392-2	NDKA_HUMAN;NDKB_HUMAN	NME1;NME2		2	0		6735.24	5574.44	9649.63	4073.65	7402.44	2646.41	18236.4	28932	8673.57	3352.25			2345.5	5679.57			5573.9		
P15586;P15586-2	GNS_HUMAN	GNS		3	3	1737.32		860.407				1200.68	2087.57	2929.6	721.674	364.673						332.433			
P15814	IGLL1_HUMAN	IGLL1		1	1	13006.2		1713.32		2894.79												1271.83			1366.02
P15924;P15924-2;P15924-3	DESP_HUMAN	DSP		4	4	1654.82		1452.71		478.715		617.838			531.475	2976.77				2936.09				5015.86	2010.26
P15941;P15941-11;P15941-13;P15941-17;P15941-2;P15941-3;P15941-4;P15941-7;P15941-8	MUC1_HUMAN	MUC1		3	3			5506.98	3992.34	380.973	1592.92	857.372	3270.46	5732.42	13991.6	843.27			2345.87						
P16233	LIPP_HUMAN	PNLIP		13	12	11919.4	12121.3	8996.92	3788.85	6526.91	6508.72	3980.1	140639	9310.05	37014.3	11310.5	6034.38	7822.72	8502.95	62272.2	5188.33	1256.75	9048.89	1752.04	3799.9
P16422	EPCAM_HUMAN	EPCAM		2	2			4004.35				6251.92		4143.68	2932.85	2653.1									
P16444	DPEP1_HUMAN	DPEP1		17	17	82023.3	157449	34812.9	146384	82997.9	105101	88321	57958	35742.4	21620	77386.9	124757	144693	94860.2	109053	85287.2	62219.4	177037	81959.2	49488.8
P16615;P16615-2;P16615-3;P16615-4;P16615-5	AT2A2_HUMAN	ATP2A2		1	1		5696.12				5231.71	3493.43	14248.2	2950.02											
P16671;P16671-2;P16671-3;P16671-4	CD36_HUMAN	CD36		1	1		1956.64							2504.76	1578.46	979.628				2484.58					
P17213	BPI_HUMAN	BPI		4	4									33276.8	1072.54	2149.93						1694.43			
P17538	CTRB1_HUMAN	CTRB1		1	1							2506.4			351.124										
P17931	LEG3_HUMAN	LGALS3		4	4			9130.14						1939.42	872.425										
P18085	ARF4_HUMAN	ARF4		1	1			461.962						764.835											
P18124	RL7_HUMAN	RPL7		1	1									1775.38					1083.19	12327.6					
P18669	PGAM1_HUMAN	PGAM1		1	1		2868.84			933.678	3677.91		4263.9	920.713		1498.44							5688.97		
P19397	CD53_HUMAN	CD53		1	1									6181											
P19652	A1AG2_HUMAN	ORM2		4	4	366.918				2501.23		3560.94	2030.96	17675.2	30862	1688.54						11070.5	2589.61		
P19835;P19835-2	CEL_HUMAN	CEL		6	6	4080.43	3041.76	2616.04	7800.25				39890.5		14024.1	1048.94	2134.35		4187.35	19230.1					
P19878;P19878-2;P19878-3;P19878-4;Q15776;Q15776-2	NCF2_HUMAN;ZKSC8_HUMAN	NCF2;ZKSCAN8		1	0									7803.09								1273.23			
P19957	ELAF_HUMAN	PI3		4	4	3994.18		28856	3883.53	3714.49		56847.4	4127.62	27309.6	6801.21	5228.23	3315.11					1637.59			
P19961	AMY2B_HUMAN	AMY2B		5	2	1.86854e+06	524896	1.16442e+06	15004.9	527108	983541	448075	1.16e+06	307555	328600	76372.3	1391.46	19329	235140	34375	17497.4	318111	658809	17228.5	374106
P20036	DPA1_HUMAN	HLA-DPA1		1	1	575.943						2091.89		1920.48								568.873			
P20073;P20073-2	ANXA7_HUMAN	ANXA7		2	2		599.75	1983.59	1224.39	549.514		1006.41	1636.09	3706.39	901.42				1144.62						
P20160	CAP7_HUMAN	AZU1		5	5		5621.15	9800.12	4531.12	2307.95	10116	133246	313323	565030	14038.3	6350.57			3848.66	13496.8	27841.2	320363	15268.8	12080.8	1671.03
P20340;P20340-2;P20340-4;Q14964;Q9NRW1;Q9NRW1-2	RAB6A_HUMAN;RAB6B_HUMAN;RB39A_HUMAN	RAB39A;RAB6A;RAB6B		1	0			5716.49	9081.5	1447.72						6248.52				69873.1					
P20933	ASPG_HUMAN	AGA		5	5	4556.6	1923.49	2813.68	5843.35	5894.03	10100.8	11558.1	8354.42	9739.59	2450.43	2386.28	2302.69	2962.69	3085.38		4373.01	2345.91	4181.03		2812.38
P21333;P21333-2;P21333-3	FLNA_HUMAN	FLNA		6	6								3952.91	8281.33	2041.21							9024.24			
P21796	VDAC1_HUMAN	VDAC1		2	2		1003.55	1502.85	1149.47			417.7				2887.67				3623.05					
P21926	CD9_HUMAN	CD9		2	2			2905.3	9759.63	691.457									4629.89	9470.5					
P22352	GPX3_HUMAN	GPX3		3	3				866.544			532.826	7905.65	2256.93	1730.9						2830.64	2253.1	1571.8		1414.85
P22531;P22532;P35325;P35326;Q96RM1;Q9BYE4	SPR2A_HUMAN;SPR2B_HUMAN;SPR2D_HUMAN;SPR2E_HUMAN;SPR2F_HUMAN;SPR2G_HUMAN	SPRR2A;SPRR2B;SPRR2D;SPRR2E;SPRR2F;SPRR2G		1	0	309.622		661.392			1595.31	829.259		559.038	2889.78				158.055						
P22626;P22626-2	ROA2_HUMAN	HNRNPA2B1		1	1									219.798	411.739	322.999									
P22748	CAH4_HUMAN	CA4		9	9	9339.84	1960.62	19970.5	3786.94	5130.47	5591.33	13034.7	7592.27	5704.02	6024.43	7828.57	11002.2	14588.2	8807.7	18051.1	3749.72	7777.3	7494.22	6885.55	4356.68
P22894	MMP8_HUMAN	MMP8		1	1									9439.44											
P23083	HV102_HUMAN	IGHV1-2		3	2	5761.65		8263.74		3083.87	5470.78			3513.58								3556.45			
P23284	PPIB_HUMAN	PPIB		1	1									5964.65	874.938										
P24071;P24071-10;P24071-11;P24071-2;P24071-3;P24071-4;P24071-5;P24071-6;P24071-8;P24071-9	FCAR_HUMAN	FCAR		2	2									3413.85	2267.79										
P24158	PRTN3_HUMAN	PRTN3		7	7	4199.86	16300.5	13441.7	5448.28	3617.98	25952.8	137669	612393	1.06723e+06	16900.2	7934.4			4197.49	24177.1	104125	826288	44281.6	39409	53209
P24855	DNAS1_HUMAN	DNASE1		4	4	8294.15		1889.97	3532.92								3708.66		2225.27				2249.26		1710.07
P25311	ZA2G_HUMAN	AZGP1		14	14	11885.5	5209.57	8817.24	6552.16	942.7	5811.41	2864.66	24800.8	9005.98	19495.1	21227.1	19088.4	6129.67	10715.5	39712.5	7327	12347.4	22981.3	5808.82	2268.24
P25705-2	ATPA_HUMAN	ATP5F1A		2	2		2017.91			2995.27										2873.91					
P25774;P25774-2	CATS_HUMAN	CTSS		2	2	1958.87	892.458	7709.74	3715.44	607.15		3290.35	4131.09	2665.6	1537.81	2277.37	6038.2					2125.63	2893.66	2241.21	
P25789;P25789-2	PSA4_HUMAN	PSMA4		2	2			1395.14				789.924		10538.3	2038.9							739.981			
P25815	S100P_HUMAN	S100P		3	3			3967.19	22151.7					32833.9	1499.68	9229.61						9605.47			
P26038	MOES_HUMAN	MSN		2	2		684.482					399.909	3039.34	19640.7											
P26373	RL13_HUMAN	RPL13		1	1		820.994				1944.69		1427.61	5438.15											
P26447	S10A4_HUMAN	S100A4		3	3									31964.1								1320.13			
P26641;P26641-2	EF1G_HUMAN	EEF1G		1	1			168.072	508.599					1435.58		221.345									
P27105	STOM_HUMAN	STOM		9	9									14153	4173.28	1097.65						7578.23			950.95
P27216;P27216-2	ANX13_HUMAN	ANXA13		3	3		1003.45	836.516	1131.95	2237.05	2209.71	578.519		4108.88		1578.65		6172.33	1848.53			2311.18			
P27352;P27352-2	IF_HUMAN	CBLIF		3	3	23611.9	4166.28	1157.71			1102.15	2607.78		1307.66	5721.13	2900.65	3976.26				3822.4		3624.74	2404.51	
P27487	DPP4_HUMAN	DPP4		32	32	46287.4	27366.7	39446	69171.5	35868.3	15654.3	25269.9	28322.4	7084.31	18196.4	30109.7	92615.2	12476.6	53295.9	14939.5	41654.9	11285.5	53258.9	15183.9	19663.5
P27797	CALR_HUMAN	CALR		10	10			1943.02				2592.29		55554.5	2382.41							8007.54			
P27824;P27824-2	CALX_HUMAN	CANX		2	2									12731.5								715.827			
P28065;P28065-2	PSB9_HUMAN	PSMB9		1	1			2334.18						6678.63											
P28221	5HT1D_HUMAN	HTR1D		1	1	3854.06	22671	2298.32	70876.9										18399.6	48669.7			14239.7		
P28676	GRAN_HUMAN	GCA		4	4			1371.51					2087.1	50622.5	4310.21	2116.12						5172.79			
P28799;P28799-2	GRN_HUMAN	GRN		5	5	5060.16				633.942	9229.12	4179.59		6711.84	500.429	1209.02						798.148			
P28838;P28838-2	AMPL_HUMAN	LAP3		18	18	7247.38	4794.16	10673.4	10461.5	1133.01	5087.31	11104	3805.44	3041.05	7458.26	6670.06	13074.1	7291.97	2718.75	2134.58	1967.03	1856.65	15631.7	4139.86	3505.02
P29401;P29401-2	TKT_HUMAN	TKT		6	6			2131.72				2166.94		134392	6956.4							4920.8			
P29508	SPB3_HUMAN	SERPINB3		10	5	1861.82	2121.05	2748.65	4209.48	1607.13	2450.99	8997.83	11694.8	3804.6	15320.3	11800.3		4826.45		5773.03	6050.87			5464.03	3747.87
P30050	RL12_HUMAN	RPL12		1	1			217.528	1510.4											10388.9					
P30520	PURA2_HUMAN	ADSS2		1	1									1390.37								2066.97	1092.37		
P30536	TSPO_HUMAN	TSPO		3	3			1202.81						21340.3		1305.1				3431.45		2283.84			
P30626;P30626-2;P30626-3	SORCN_HUMAN	SRI		2	2		2767.73	2697.46		752.74	1564.74		831.001	1386.36	138.678	575.759			2086.37	1573.82		123.558			
P30740	ILEU_HUMAN	SERPINB1		17	16	11765.9	9831.53	38562.4	84974.2	4539.82		12512.2	54954.2	49637.5	50784.1	18772.6	35703.2		4543.13	21106.7		55023.8	4727.93		8716.65
P31025;Q5VSP4	LC1L1_HUMAN;LCN1_HUMAN	LCN1;LCN1P1		1	0			345.16		304.676	1492.55		1270.39		2786.63					922.688					
P31146	COR1A_HUMAN	CORO1A		2	1							1140.34	2620.81	139027	5154.31	607.624						6072.18			
P31151	S10A7_HUMAN	S100A7		6	2	2835.7	2480.84	2184.6	5217.67	1108.97	5113.54	39239.5	7041.67	6959.58	35989	22855	3169.45	8997.53		6234.01	23718.7	1052.16	2777.46	21235.9	
P31327;P31327-2;P31327-3	CPSM_HUMAN	CPS1		1	1			4348.58												3807.07					
P31944	CASPE_HUMAN	CASP14		4	4	3913.04	1836.8	1552.3					2177.49		1324.02	2592.25		6284.88		40421				2827.67	3940.54
P31949	S10AB_HUMAN	S100A11		3	3			1172.25						34730.6	1067.44	1809.6						2094.16			
P31997	CEAM8_HUMAN	CEACAM8		4	4	1877.51	2413.2				4758.33	11672.6	39253.5	66645.2	9209.66	2454.73			1663.8		17571.7	17227.1	13887		7637.75
P32320	CDD_HUMAN	CDA		1	1																1106.45	1140.77			
P35030;P35030-2;P35030-3;P35030-4;P35030-5	TRY3_HUMAN	PRSS3		2	2	17572.6							2900.26		793.196	11112.5	30651.7	96949.6	25792.8	40272.8	38060	2904.66	10024.1	42550.2	17006.7
P35237	SPB6_HUMAN	SERPINB6		19	18	32513.6	52629.2	10455.8	19186	13048.1	30900.8	34032.6	37878.6	77290.9	8146.43	12078.1	7945.04	19372.5	4970.73		17033.7	4810.55	11112.9	7831.5	27993.5
P35555	FBN1_HUMAN	FBN1		1	1							1320.59		2274.24									4109.09		
P35609;P35609-2	ACTN2_HUMAN	ACTN2		6	5		7407.99		16585.8	5929.31	3971.63	2632.5	11577.8	4524.34	4226.73	5729.44							3409.73		
P36871	PGM1_HUMAN	PGM1		4	4		2771.7		10196.4		4840.79	2047.58		1800.52	4141.13	1271.04									
P37837;P37837-2	TALDO_HUMAN	TALDO1		5	5									24326.7	6645.2							4300.13			
P40199	CEAM6_HUMAN	CEACAM6		4	4	9622.92	17968.5	28405.7	6014.97	17480.8	51086.8	35512.5	70020.1	99075.4	4169.58	7854.79	3942.87	3892.82	6808.48	4229.3	28121.5	17898.7	9734.17	3253.84	10875.5
P40879	S26A3_HUMAN	SLC26A3		11	11		8696.03	21227.8	42496.7	11648.5	22606.7	4468.65	4459.03	7093.7		21801.5	16120	73602.4	68551.2	89447.5	9835.77	10370.5	10429.5	6077.05	3074.68
P41271;P41271-2	NBL1_HUMAN	NBL1		1	1	3611.13		1080.83		599.166		2154.73	1682.53	1895.56	1146.55										
P41439	FOLR3_HUMAN	FOLR3		5	4																	35579.4			
P43307	SSRA_HUMAN	SSR1		2	2			2099.82						12824.3	1003.51	2098.63						2024.03	2883.23		
P45378;P45378-2;P45378-3;P45378-4;P45378-5;P45378-6;P45378-7	TNNT3_HUMAN	TNNT3		2	2		5103.93		13755		2633.83	1960.24		2522.07	1437.48	1143.25		3385.67		2907.34					2775.7
P45880;P45880-1;P45880-2	VDAC2_HUMAN	VDAC2		2	2			1718.3	4670.5							7754.31				21963.9	7542.84	1579.17			
P46781	RS9_HUMAN	RPS9		1	1		1531.55	276.292		788.374	1671.97		3063.45	2790.38	286.197					1415.34	924.05				
P46977;P46977-2	STT3A_HUMAN	STT3A		1	1		346.802							3543.61											
P47755;P47755-2	CAZA2_HUMAN	CAPZA2		1	1					797.297		1084.7		5847.68											
P47989	XDH_HUMAN	XDH		9	9	8108.23				4618.88				245.909	601.605					3803.65		471.159	1804.82		
P48052	CBPA2_HUMAN	CPA2		14	13	8678.93	33785	10644.5	39271.4	14034.2	572449	31115.8	169648	126072	71569.7	12765.3	97503.1	13987.9	37590.3	11964.9	60861.3	8375.57	310169	132228	44391.4
P48147	PPCE_HUMAN	PREP		2	2			1244.56	1632.48	312.755		2213.85	3637.56	3348.87	2431.74	732.435						247.062			
P48594	SPB4_HUMAN	SERPINB4		3	3							630.307			3395.35	1323.19					1923.91				
P48595	SPB10_HUMAN	SERPINB10		11	11							7564.66	16729.4	16187.8	7362.31							9120.52			10912.1
P48788;P48788-2	TNNI2_HUMAN	TNNI2		2	2				46149.6			5227.31		15454	17534.6	6861.01					14867.2				
P49189;P49189-3	AL9A1_HUMAN	ALDH9A1		1	1									3549.27											
P49411	EFTU_HUMAN	TUFM		4	4		66238.9	112238	50788.9	9877.08	112973	6008.5	35679.5	28577.4	1813.44	35043.9	11063.2	35181.2	28627.5	209283	21076.2	24650.7	25995.5	3415.42	10472.8
P49721	PSB2_HUMAN	PSMB2		1	1			1600.22				630.294	954.57	14505.7		898.165				4502.32		2287.41			
P49748;P49748-2;P49748-3	ACADV_HUMAN	ACADVL		1	1		533.666	816.764		386.885		510.636		7637.3	641.718	1353.1			1569.73			885.924			
P49902;P49902-2	5NTC_HUMAN	NT5C2		1	1									4202.2								822.673			
P49913	CAMP_HUMAN	CAMP		4	4									13863.8								1630.46			
P50443	S26A2_HUMAN	SLC26A2		1	1			1620.92	6527.63	206.39						807.326	802.149	4529.72	5690.96	21913.1					
P50552	VASP_HUMAN	VASP		1	1									19751.5								757.675			
P50995;P50995-2	ANX11_HUMAN	ANXA11		16	15	1352.37		4729.43	6609.78				2352.97	4227.07	615.542	2976.54	3995.21		5102.05	7412.24	2874.43	8021.84	9932.07	2675.41	3782.61
P51161;P51161-2	FABP6_HUMAN	FABP6		1	1			364.465						1031.12	5674.66	4198.09									
P51648;P51648-2	AL3A2_HUMAN	ALDH3A2		9	8		3746.82			1837.8		2813.68	2210	12681	3725.98	5721.2				7314.21		8865.23	6180.48		
P51688	SPHM_HUMAN	SGSH		4	4	667.096	294.444	278.653		404.568	836.456	1517.11	905.966	248.165		641.656	1089.63				1380.4	323.82		410.857	530.802
P52209;P52209-2	6PGD_HUMAN	PGD		3	3									35231.7								1566.05			
P52566	GDIR2_HUMAN	ARHGDIB		3	3									741.384	914.709							579.816			
P53597	SUCA_HUMAN	SUCLG1		1	1			3289.28																	
P53634	CATC_HUMAN	CTSC		5	5	1152.18	1403.54	4275.52				5976.6	13407.2	20337.9	1979.19	1711.16	1673.33		1182.21	2376.77		7179	1522.15	1440.48	
P53801	PTTG_HUMAN	PTTG1IP		2	2	1139.99		1241.33		2046.9	2685.16	2891.62		4586.24		467.265						476.383			
P54108;P54108-2;P54108-3	CRIS3_HUMAN	CRISP3		1	1									846.333								91.149			
P54296	MYOM2_HUMAN	MYOM2		3	3		1101.49		15404.7	3634.57		1882.6	16285.7	5247.87	858.23	2239.5									
P54819;P54819-2;P54819-3;P54819-4;P54819-5;P54819-6	KAD2_HUMAN	AK2		1	1				9814.9						9608.12		4027.18			45621					
P55259-3	GP2_HUMAN	GP2		13	13	237176	27319.1	26638.8	20954.9	5176.65		36964.6	120412	17427.4	15822.6	26444.4	24659.8		16119.9	83475.5		10495.1	16747.1	8423.92	26445.6
P55735;P55735-2;P55735-3;P55735-4	SEC13_HUMAN	SEC13		1	1		6969.38	8573.91	1008.76	3176.26	16936	2961.52	13971.4	2206.46	1540.99	7016.78		46162.5							3575.71
P55786;P55786-2	PSA_HUMAN	NPEPPS		1	1									4234.03								2873.25			
P56470	LEG4_HUMAN	LGALS4		7	7	93814	62454.1	177996	22547.2	92397.3	89008.9	357324	216416	136874	242845	58421.6	57551.7	74387	84199.8	91397	24375.5	140930	97716.8	50610.3	96871.5
P58753;P58753-2;P58753-3	TIRAP_HUMAN	TIRAP		1	1		9493.13				4879.57	5441.31	3192.16				11694.3		22803.6	12819.7		3950.61		38277.5	
P59666	DEF3_HUMAN	DEFA3		3	0	5135.16	150826	92380.9	528790	550194	100864	1.12888e+06	218153	726484	122886	238750	34323.5	8783.26	60204.2	99206.9	434700	63909	340155	40034.9	55118.7
P60174;P60174-3;P60174-4	TPIS_HUMAN	TPI1		2	2										1353.6	2068.14	1498.96			3243.03	8031.02	2342.94	2054.31	931.243	6801.89
P60660;P60660-2	MYL6_HUMAN	MYL6		2	2			1090.12						13331.9		2359.46				13218.8					
P60842;P60842-2	IF4A1_HUMAN	EIF4A1		1	1									3515.01											
P61204;P61204-2;P84077	ARF1_HUMAN;ARF3_HUMAN	ARF1;ARF3		1	0		315.193	332.018		63.5865				1799.99	193.461	658.185				2075.5		403.034			
P61313;P61313-2	RL15_HUMAN	RPL15		1	1		5032.44	3169.54		2507.6			5766.73	9857.47								646.059			
P61626	LYSC_HUMAN	LYZ		6	6	2982.66	12787	61438.6	6307.97	2941.74	27174.4	4266.8	11343.2	30131.6	6227.52	5875.08		11477.3	21435.2	49546.1	7548.85		3500.61	10625.6	
P61758;P61758-2	PFD3_HUMAN	VBP1		1	1							12825.2		2842.46									24785.6		
P61916;P61916-2	NPC2_HUMAN	NPC2		3	3	6652.27									4106.2										
P61970	NTF2_HUMAN	NUTF2		1	1			1294.65						11294.7	2693.86										
P62491;P62491-2;Q15907;Q15907-2	RB11A_HUMAN;RB11B_HUMAN	RAB11A;RAB11B		1	0			4177.85	8115.05	1717.33	5131.16			27033.6		1498.1		11544.5	2025.97			2607.64			1002.24
P62805	H4_HUMAN	H4C1		4	4	1554.71	31280.1	34156.8	44961.2	3934.65	9039.25	4954.36	41031.7	22197.1	2512.59	23982.1	10497.4		7666.04	319200	19500	2364.95	7568.35	6366.11	5495.15
P63092;P63092-2;P63092-3;P63092-4;Q5JWF2;Q5JWF2-2	GNAS1_HUMAN;GNAS2_HUMAN	GNAS		1	1			699.129		333.5				1601.35					757.221			861.774			
P63316	TNNC1_HUMAN	TNNC1		2	2		4377.6		17477.3	386.657		1058.32	5386.09	2276.72	3873.32	2705.97					2645.25				
P68363;Q71U36;Q71U36-2;Q9BQE3	TBA1A_HUMAN;TBA1B_HUMAN;TBA1C_HUMAN	TUBA1A;TUBA1B;TUBA1C		1	0		405.79		1775.18	380.403			1309.82	13673.4	2058.19										
P68431;P84243;Q16695;Q71DI3	H31T_HUMAN;H31_HUMAN;H32_HUMAN;H33_HUMAN	H3-3A;H3-4;H3C1;H3C15		1	0			4198.25						3665.92	2728.26	3625.24				11387.9	4798.15				
P68871	HBB_HUMAN	HBB		12	6		12582.7	15130.4	13282.9	4130.82	6041.08	94726.3	41885.5	4.77701e+06	25360.2	4697.06			14865.4	13852.8	19061.4	476271	50114.2		3893.87
P69892	HBG2_HUMAN	HBG2		1	1									3644.48											
P69905	HBA_HUMAN	HBA1		5	2		18216.2	5341.82		6914.35		31853.4	12705.1	771012	10720.2				9554.84	4704.72		5922.91	35045.2		
P78417;P78417-3	GSTO1_HUMAN	GSTO1		4	4			732.818						14485.5								822.634			
P78560	CRADD_HUMAN	CRADD		1	1									8564.45		1111.64								27268.9	
P80108	PHLD_HUMAN	GPLD1		10	10							5082.84	13845	6988.19	9338.94					6635.09		6094.67	7274.84		1881.95
P80188	NGAL_HUMAN	LCN2		9	9	902.869	6411.79	80015.8	25457.4	591.139		6617.67	18408.9	16619.5	59479.2	6924.44	11401.1	9125.53	4725.16	5997.41	14112	10590.3	11725.3	3411.99	9498.63
P80511	S10AC_HUMAN	S100A12		4	4			32470.6				15670.3	49346.4	1.64434e+06	37208.5	14476.4						107762			14105.6
P80748	LV321_HUMAN	IGLV3-21		2	2	8622.41		33468.4		14994.4	21664.4	9978.78	4617.96	9978.92	12213.5		3552.62					2209.42			
P81605;P81605-2	DCD_HUMAN	DCD		2	2	14673.3	17528.5	8969.98	6896.14	6986.59	35156.8	12920.1	14435.9	10059.4	12457.3	9652.54	13267.9	17988	16754.8	73805.2	8242.92	1826.96	9195.75	15991.8	10641.1
P98073	ENTK_HUMAN	TMPRSS15		22	22	103775	108473	15718.2	25700.6	46322.5	94263	26176.2	81134.4	27001.3	6248.43	12981.1	52631.7	38928.7	36960.2	16503.1	70103.3	36788.8	45645.8	42546	58953.7
P98088	MUC5A_HUMAN	MUC5AC		7	7	21923.9	34636.3	7394.42	78282.6	19956.3	10953	34647.9	14417.2	30911.6	12440.1	26148.8	20577.8	6162.04	12614.1	19687.3	18193.1	11326.6	8165.99	17566.5	41284.3
P99999	CYC_HUMAN	CYCS		2	2	460.836	941.231	782.034			2023.85	1669.88	589.496	5130.03	3057.27	323.93									
Q00325;Q00325-2	S25A3_HUMAN	SLC25A3		3	3	574.323	24682.9	1286.13	25426.6	14764.3	6930.84	12338.2	6714.18	7113.82	3400.88	7321.6			1786.97	12262.2	15969.3		10776.7	5229.41	
Q00872;Q00872-10;Q00872-2;Q00872-3;Q00872-4;Q00872-5;Q00872-6;Q00872-7;Q00872-8;Q00872-9	MYPC1_HUMAN	MYBPC1		2	1		1986.69			2664.8		3011.24	1581.02		736.404	2687.67				14596.5					
Q01459	DIAC_HUMAN	CTBS		8	8	3805.16			2923.77				1781.18		2774.98	1335.82	2656.28					2363.19			
Q01518;Q01518-2	CAP1_HUMAN	CAP1		2	2			452.465						13274.6		497.118						1504.34			
Q01523	DEF5_HUMAN	DEFA5		1	1	1996.11	6741.02	1305.67	2836.68	1368.33	2601.21	11353.4		1177.07	2340.56	10231.4	12395.6	8394.55	6224.11	204231	8085.1	6548.17	2864.61	2962.59	5212.79
Q02413	DSG1_HUMAN	DSG1		6	6	1567.98	3311.78	3421.04		1523.61						2032.42				46087.3				6702.04	4919.83
Q02487;Q02487-2	DSC2_HUMAN	DSC2		1	1			5943.57																	
Q02505;Q02505-4;Q02505-5;Q9H195	MUC3A_HUMAN;MUC3B_HUMAN	MUC3A;MUC3B		1	0	7496.24	20629.2	5289.8	19099.2	11801.6	28870.5	12273.3	10161.6	6811.02	2341.36	2924.84	12616.4		4204.1		5462.55	923.653	16021.9	7967.59	5468.02
Q02817	MUC2_HUMAN	MUC2		43	42	43565.2	111669	80114.7	187414	112173	163425	653868	171010	209285	31042.1	91320	328870	76193.1	69788.5	44265.3	105226	48075.3	144393	140233	128831
Q02978;Q02978-2	M2OM_HUMAN	SLC25A11		2	2		4686.1		1424.34	938.903		765.307				1798.12				5425.36	4767.07				
Q03154;Q03154-2;Q03154-4	ACY1_HUMAN	ACY1		3	3	14626.3	4199.01	2562.01	15611.8	2539.53		27381.5	28800.7	4174.2	7634.79	4688.09	16137.3		3819.28	5770.2	3938.69	2580.79			6426.76
Q03403	TFF2_HUMAN	TFF2		5	5	58985.1	4517.4	12579.3	20628.8		119716	12373.9		40358	55890.2	24293.6			9267.83	3137.57	9491.93	578.343	2316.91		19607.9
Q04118	PRB3_HUMAN	PRB3		4	3	7003.46	2053.22	1350.36							554.397			7733.33	8859.47		3628.96		7592.8	2360.68	
Q04609;Q04609-3;Q04609-6;Q04609-7;Q04609-8;Q04609-9	FOLH1_HUMAN	FOLH1		1	1	757.421	402.353	834.092				345.208		257.448		367.118									
Q04760;Q04760-2	LGUL_HUMAN	GLO1		4	4					611.259		2828.27	1059.67	8066.35	2640.49							1783.77			
Q04837	SSBP_HUMAN	SSBP1		2	2									3408.45	338.958							220.024			
Q05315	LEG10_HUMAN	CLC		2	2			1603.58						12598.5								1914.89			
Q06141	REG3A_HUMAN	REG3A		2	2	2472.65			1750.37		12971.7		2487.09		14781.9		3805.58		9403.11	23867.3					2876.22
Q06323	PSME1_HUMAN	PSME1		1	1					47.2381				264.582								86.1376			
Q07075	AMPE_HUMAN	ENPEP		4	4	2404.17	10042.5	1841.17	2707.44					9289.46	4195.27	2240.65						4657.95			
Q07654	TFF3_HUMAN	TFF3		5	5	212261	16293.1	19930.2	15155.1	5710.25	236257	571868	35753.4	21209	83884.7	25152.6	126198	18034.3	8797.99	9646.12	112309	6405.57	13428.3	22271.7	23229.7
Q07837;Q07837-3;Q07837-5;Q07837-6;Q07837-7	SLC31_HUMAN	SLC3A1		2	2	1201.72	2279.53	481.349	1020.14	568.386				1427.49		567.348						374.004			
Q08043	ACTN3_HUMAN	ACTN3		2	2				1835.03						909.876	708.894									
Q08380	LG3BP_HUMAN	LGALS3BP		11	11	5754.22	11983.1	48985.5	55357.8	4498.94	3758.11	11334.7	35682.1	20245.9	39203.5	16672.9	25981.1	18914.1	15498.9	97227.2	3253.52	3161.5	4416.37	2791.58	7888.01
Q08554;Q08554-2	DSC1_HUMAN	DSC1		1	1															104936					
Q10588	BST1_HUMAN	BST1		5	5	1599.94	2132.94	2920.23	6771.12	731.903		1251	2786.18	6211.52	3864.78	3455.11	1848.39		2285.7			1173.78			
Q12864	CAD17_HUMAN	CDH17		5	5	6471.89	1892.97	14046.3						2609.14			3792.3		4239.01				5114.48		5141.6
Q12929;Q12929-2	EPS8_HUMAN	EPS8		1	1			323.78		99.9731				206.08		439.567		5496.24	740.551	744.178		92.1977			
Q13228;Q13228-4	SBP1_HUMAN	SELENBP1		28	28	32006	16797.9	32245.4	79846	35972.7	19931.9	46152.6	60070.4	18488.4	6746.63	35873.3	62714.7	32298.9	22241.9	9398.11	75459.4	29252.4	63412.4	48383.3	30387.3
Q13231;Q13231-2;Q13231-3;Q13231-4	CHIT1_HUMAN	CHIT1		2	2								999.778	11898.1	3394.39							1461.32			
Q13303;Q13303-2;Q13303-3;Q13303-4;Q13303-5	KCAB2_HUMAN	KCNAB2		1	1									4550.53											
Q13404;Q13404-1;Q13404-2;Q13404-6;Q13404-7;Q13404-8;Q15819	UB2V1_HUMAN;UB2V2_HUMAN	UBE2V1;UBE2V2		1	0								3376.2	5858.78											
Q13443;Q13443-2	ADAM9_HUMAN	ADAM9		1	1	597.298		424.618					550.495	315.912			848.583					159.752			
Q13642-1;Q13642-4;Q13642-5	FHL1_HUMAN	FHL1		8	8	7590.69			39315.3	818.031		27300.5		21155.6	2044.05	24450.7		5570.54	3725.02	19939.2	59483.5		15089	4126.32	
Q13643	FHL3_HUMAN	FHL3		4	4	1580.29			2894.37			5378.49		25214.8	2562.03	7441.77		6986.79			10437.3		11268.5		
Q13822;Q13822-2;Q13822-3	ENPP2_HUMAN	ENPP2		2	2	3467				2244.39															
Q13867	BLMH_HUMAN	BLMH		9	9	4476.09	2428.98	1071.53	1269.93	1124.91		4463.93	4211.14	5876.96	1333.39	3100.26	3422.24			35665.4	4618.22	4345.08	3642.84	1749.17	2938.76
Q14002	CEAM7_HUMAN	CEACAM7		3	3	45306.4	9331.01	69013.6	12147.3		20522.2		8620.24	22975.5	3148.38	8426.01	12341.4		32423.2	42499.4	3640.44	13245.6	11518.5		12928.6
Q14315;Q14315-2	FLNC_HUMAN	FLNC		13	10		3293.94	844.055	54804.7	2386.43		8991.95	3269.78	53146.5	6349.75	41042.9		31167	5240.92		25486.3		25541.3		
Q14508	WFDC2_HUMAN	WFDC2		2	2	7963.2	1943.49	6238.83	3802.88		20727.4	16656.7	10527.2	17956.3	7596.25	2018.6	1572.59								3074.79
Q14651	PLSI_HUMAN	PLS1		1	1			4767.54		971.82	2341.35			7021.79								2122.18			
Q14739	LBR_HUMAN	LBR		1	1									7034.52								530.049			
Q14974;Q14974-2	IMB1_HUMAN	KPNB1		1	1									1322.73											
Q14CN2	CLCA4_HUMAN	CLCA4		9	9			17245.2	12641.6	3143.23			5616.79	3241.64	1937.03	7600	3104.07		7362.53	13041.2		1376.96			2936.7
Q14CN2-2	CLCA4_HUMAN	CLCA4		1	1	216.523	254.253	700.749	1545.7	381.948		612.634	455.987	211.242	576.043	463.918	215.537		1171.87	1345.07		294.035			
Q15080;Q15080-3	NCF4_HUMAN	NCF4		1	1									3382.73								477.356			
Q15084;Q15084-2;Q15084-3;Q15084-4;Q15084-5	PDIA6_HUMAN	PDIA6		1	1									6743.56											
Q15149;Q15149-2;Q15149-3;Q15149-4;Q15149-5;Q15149-6;Q15149-7;Q15149-8;Q15149-9	PLEC_HUMAN	PLEC		1	1					1147.92		1623.83		1964.18											
Q15631;Q15631-2	TSN_HUMAN	TSN		1	1									6563.56								314.556			
Q15848	ADIPO_HUMAN	ADIPOQ		2	2							1360.67	3229.99		11389.6						2878.43	2204.41			
Q16651	PRSS8_HUMAN	PRSS8		3	3	7438.27	1441.12	1451.35		1287.5	2744.69	4468.46	2983.96	1187.96	1288.57	728.521	1371.96		1833.38	1707.89		1269.03	1832.72	1355.11	1026.94
Q16819	MEP1A_HUMAN	MEP1A		12	12	115778	22150.5	12782.5	50038.9	9498.6	5785.34	22700.1	34413.1	12529.2	39386.2	43432.1	30968.3	15130.5	38716.6	63265.6	22156.7	8969.49	10828.6	5329.93	24851.5
Q16820	MEP1B_HUMAN	MEP1B		9	9	58230.1	36104.2	3631.99	17609.5	5531.38	4852.8	12683.1	41836	18120.7	29139.3	29258.9	11376.7		17676.5	12044.8	14758.5	2298.78	6285.9		17833.5
Q16881;Q16881-2;Q16881-3;Q16881-4;Q16881-5;Q16881-6	TRXR1_HUMAN	TXNRD1		7	7					638.45				11989.3	4730.85		2581.15					706.136			
Q2M2H8	MGAL_HUMAN	MGAM2		7	7	2061.56	1968.23	1326.81	622.989	2429.24	3400.79	1108.03	3151.21	2231.18	743.914	984.713	1796.08					718.255			
Q30154	DRB5_HUMAN	HLA-DRB5		2	0	1765.96		1002.56	12910			9354.07			1974.9	2814.17	9713.75					5300.66			
Q3MIR4;Q9NV96;Q9NV96-2;Q9NV96-3	CC50A_HUMAN;CC50B_HUMAN	TMEM30A;TMEM30B		1	0									8088.01								1379.29			
Q53GD3;Q53GD3-3	CTL4_HUMAN	SLC44A4		2	2	609.291	358.553	887.628	1917.49	310.266						886.555	2400.7	1473.64	3151.28	3587.65		442.897	1240.77		
Q5JS37	NHLC3_HUMAN	NHLRC3		4	4	832.064	484.176			628.418		870.432	933.949	1514.41	511.235	581.47					1148.08	859.567	1241.29		1566.39
Q5T750	KPLCE_HUMAN	KPLCE		1	1	2357.94														10129.1					
Q5TEC6	H37_HUMAN	H3-7		3	1		19855.3	14383.1	36505.3	7066.09	33395	22107.9	25701.7	82468.6	4582	5455.51		32867.5	39768.7	49083.3					
Q5TFG8	ZC21B_HUMAN	ZC2HC1B		1	1		4267.07			764.734			16979.1				8050.44		14485.8	17062.6			6448.06		1551.86
Q5VXT5;Q5VXT5-2	SYPL2_HUMAN	SYPL2		1	1				11771	432.6		1476.8			4099.84	3649.82				26106.1	46874.9		8479.09		
Q68DA7-3;Q68DA7-5	FMN1_HUMAN	FMN1		1	1	15784.1	2242.7			2127.29	4058.82	5131.95			457.333			4806.11				1470.97			2482.95
Q6GPI1	CTRB2_HUMAN	CTRB2		8	2	81927.3	691663	195664	376932	47745.8	264067	173050	1.36071e+06	56016.5	119747	71753.5	246146	189005	199036	161969	433626	16498	241658	38713.2	328199
Q6NUK1	SCMC1_HUMAN	SLC25A24		1	1									2138.28											
Q6P1J6;Q6P1J6-2;Q6P1J6-4	PLB1_HUMAN	PLB1		8	8	6256.16	4517.45	1853.9	10625.2	1972.46	6087.53	1409.99	2457.6	1937.14	1069.82	3336.73	1653.54	5188.55	2709.89		5013.32	1006.9	17023.8	2965.69	2061.4
Q6P4A8	PLBL1_HUMAN	PLBD1		7	7		1691.49	3822.73		809.874	4264.58	6260.68	7641.51	15737.2	6392.82	3301.8	4355.76				9082.94	3931.01	3448.74		3752.86
Q6P587;Q6P587-1;Q6P587-2;Q6P587-3	FAHD1_HUMAN	FAHD1		1	1							8271.24													
Q6UWP2;Q6UWP2-3	DHR11_HUMAN	DHRS11		1	1			816.074					1114.23				1430.25					230.145			
Q6UWV6	ENPP7_HUMAN	ENPP7		19	18	352201	104791	25673	19685.1	72885.8	82323.3	33970.9	103503	57966.7	25136.9	83547.9	96557.1	120096	146447	48226.9	276038	25087.4	235459	98691.4	101774
Q6UWY2	PRS57_HUMAN	PRSS57		1	1																	1368			
Q6UX06	OLFM4_HUMAN	OLFM4		5	5	13045.5	18059.2	30693.8	14744.3	604.901	8845.19	31594.1	1290.03	55365.9	13914.9	5834.08	13164.8		3084.49	11672.4		23407.7			19250.1
Q6UX82	LYPD8_HUMAN	LYPD8		1	1	19193.9	3347.01	18405.1	18964.6	33884.9	10421.2	53645.6	3705.77	7258.17	360.143	3293.47	7464.09		27536.3	16220.7		8789.21			
Q6W4X9	MUC6_HUMAN	MUC6		4	4	61229.3	42252.4	13511.7	46279.5	3805.54	52240.1	12271.2	49082	25746.7	32181.9	18979.2	106536	29967.5	20104.2	11707.2	6662.65	41961.2	71169.7	4103.86	72834.8
Q70J99;Q70J99-2;Q70J99-3	UN13D_HUMAN	UNC13D		1	1									479.024								234.681			
Q7L5L3;Q7L5L3-1	GDPD3_HUMAN	GDPD3		3	3	1680.88	1307.92	1725.66	4965.21	1401.56	3932.11	4172.85	7764.24	2128.01	2805.84	5752.76	8716.04		3239.47	18565.4	3111.51	1377.16		3850.21	2409.89
Q86TD4;Q86TD4-1;Q86TD4-3	SRCA_HUMAN	SRL		2	2		3441.42		5461.33				14092.5	1635.8		2902.8					15319.7		4134.47		
Q86UP6	CUZD1_HUMAN	CUZD1		12	12	102848	85971.5	149783	47457.9	37574.5	92909.4	49425.8	91621.5	37312.3	41007.9	64203.3	77443.1	97428.8	71664.8	301333	107879	15409.2	175342	79049.3	66199.2
Q86XR7-2;Q9Y3B3;Q9Y3B3-2	TCAM2_HUMAN;TMED7_HUMAN	TICAM2;TMED7		1	0									9465.07											
Q86Y46-2	K2C73_HUMAN	KRT73		1	0	4461.3										6735.04				50063.3	7067.48		3040.25	10960.8	6550.92
Q8IVL8	CBPO_HUMAN	CPO		2	2		3461.72	1867.34	1013.42					1500.67			1179.58								
Q8N6Q3	CD177_HUMAN	CD177		2	2			2569.78		2005.96		3212.5		7321.69		1702.59			11107.7	9541.36		4753.09			
Q8N8E1	MAAS1_HUMAN	MAPKAPK5-AS1		1	1			702.476				366.756				4493.46									
Q8NEZ3;Q8NEZ3-2	WDR19_HUMAN	WDR19		1	1		6246.63		15385.4		19274.4	2523.92	35674.1	8313.68	12224.5	6028.35		38766.4							
Q8NFJ5	RAI3_HUMAN	GPRC5A		1	1			12390.8		833.705						3800.84		9379.76	13940.2	46063.2					
Q8TBQ9	KISHA_HUMAN	TMEM167A		1	1		1154.52		461.774	259.218	656.137	319.807	674.473							745.898			2195.48		
Q8WUM4;Q8WUM4-2	PDC6I_HUMAN	PDCD6IP		1	1			633.396		320.541				2502.27					1202.87	1980.28		1374.14			
Q8WWA0	ITLN1_HUMAN	ITLN1		8	8	66074.2	31269.3	25090.2	23378.8	50594.3	48399.8	111355	33121.2	12247.7	9537.32	12958.6	37479.2	16506.8	38319.7	158720	43878.3	13850.1	44554.9	29354.8	31379.6
Q8WWU7;Q8WWU7-2	ITLN2_HUMAN	ITLN2		16	11	73822.9	32880.3	19881.2	69557.8	34879.9	111455	194513	82708.9	36665.4	21418.4	79754	131275	69561.9	130780	846577	238029	60755.5	257942	86978.2	134820
Q8WXE0;Q8WXE0-2	CSKI2_HUMAN	CASKIN2		1	1		28468.3	42698.9	73712	4786.38	19134.2	10982.6	102080	16123.6		6560.8	6613.27	32508.1	10733.3	21366.6		1480.4			19074
Q8WXI4;Q8WXI4-2	ACO11_HUMAN	ACOT11		1	1			2017.4																	
Q8WXQ8	CBPA5_HUMAN	CPA5		1	1	598.688			55046.2	2607.09	149093	57395.9	9413.94	15961.2	63294.7		61907.5		3112.95		2689.31		59468.4	30709.5	74662.9
Q8WZ42;Q8WZ42-11;Q8WZ42-12;Q8WZ42-13;Q8WZ42-2;Q8WZ42-4;Q8WZ42-5;Q8WZ42-7;Q8WZ42-8	TITIN_HUMAN	TTN		52	52	7469.1	15006	4042.99	41213.6	10622.4	10364.8	24269.2	8380.21	96011.3	24559.6	81287.8		40157.4	2506.55		122037		136987	15592.1	3590.67
Q92484;Q92484-2	ASM3A_HUMAN	SMPDL3A		7	7	12993.7		2809.47	5853.88	1702.2	3038.54	6389.46	3753.45	3466.3	4245.77	6546.35	10500.2	3762.82	1056.27	1754.56		1371.78	3460.48	4180.1	6237.83
Q92485	ASM3B_HUMAN	SMPDL3B		7	7	3711.89	5794.23	4995.06	12176.5	4168.71	12820.9	8825.39	7649.37	5099.82	2642.46	3087.96	6990.83	14935.8	4225.16	2591.22	10021	1671.2	9948.61	5990.61	5140.55
Q92542;Q92542-2	NICA_HUMAN	NCSTN		8	8	3466.27	1423.13	2255.18	3273.41	1057.88		4115.62	3661.29	3741.26	2266.69	1701.23	2246.59	2972.65	1182.95	2630.24	780.788	2848.27	1542.84	1170.16	1693.21
Q92552;Q92552-2	RT27_HUMAN	MRPS27		1	1									20781											
Q92820	GGH_HUMAN	GGH		4	4	778.593		1576.99	908.18	327.009		1388.06	3957.89	2751.42	513.058	1918.87	1522.74	1983.8		1664.8	1118.39	2488	1353.59		1851.42
Q96A32	MYL11_HUMAN	MYL11		6	6	436.634	6490.41		23341.9	628.074	4712.17	14041.1	16466	18642.1	25926.6	21956.5		9027.29		7738.99	3196.4		3644.9		
Q96DA0	PAUF_HUMAN	ZG16B		1	1	784.727										553.758									765.039
Q96FN4	CPNE2_HUMAN	CPNE2		2	2									1375.78								2156.84			
Q96HC4;Q96HC4-2;Q96HC4-3;Q96HC4-4;Q96HC4-6;Q96HC4-7	PDLI5_HUMAN	PDLIM5		2	2	889.058						13053.7											4958		
Q96N46;Q96N46-2;Q96N46-3	TTC14_HUMAN	TTC14		1	1		11091.2	4896.11					6044.75	1932.85		6049.1			9802.17	52313.8					
Q96P63;Q96P63-2	SPB12_HUMAN	SERPINB12		2	2											1548.3				20611				3822.06	
Q96QA5	GSDMA_HUMAN	GSDMA		1	1											1508.09				27724.8					903.272
Q99895	CTRC_HUMAN	CTRC		18	18	3.98364e+06	3.11414e+06	2.31804e+06	977953	2.23956e+06	6.78706e+06	2.1454e+06	4.61743e+06	1.95173e+06	412039	2.621e+06	934150	1.39448e+06	3.98417e+06	2.85067e+06	3.32264e+06	876448	3.32724e+06	2.24457e+06	803021
Q9BRF8;Q9BRF8-2;Q9BRF8-3	CPPED_HUMAN	CPPED1		1	1									2814.96	269.793							416.454			
Q9BRR9;Q9BRR9-2;Q9BRR9-3;Q9BRR9-4;Q9BRR9-5	RHG09_HUMAN	ARHGAP9		1	1									4631.49											
Q9BS40	LXN_HUMAN	LXN		2	2	2375.12	601.863	2584.81	2506.32	595.633		1158.71	1099.25	2456.96	3924.39							3802.99			1130.36
Q9BYE9	CDHR2_HUMAN	CDHR2		27	27	182094	100417	42749.9	82121.7	88990.6	145830	62535.3	97980.4	120635	24495.7	91274.3	106327	107145	124892	150041	265454	27753.3	282095	170476	111752
Q9BYF1	ACE2_HUMAN	ACE2		4	4								2304.34				8648.99		610.267						
Q9H0E2	TOLIP_HUMAN	TOLLIP		2	2	278.757	319.901	585.515		446.7				3560.08					700.999			1161.61			874.626
Q9H3R2	MUC13_HUMAN	MUC13		5	5	9128.65	22141.9	34450.7	4608.3	6191.07		5003.66	2331.22	1878.47	1013.04	8165.2			3692.46	31016.7		1947.63			2073.23
Q9H511	KLH31_HUMAN	KLHL31		1	1			413.166	1242.36	1831.16			3940.89												
Q9HAT2	SIAE_HUMAN	SIAE		9	9	16192.7	6368.98	5306.62	14158.6	5200.11	15625.6	23031.8	11523.6	10246.8	7699.1	5019.56	15327.1	11699.1	3601.66		19745.9	6788.91	11267	6051.68	9059.81
Q9HBB8;Q9HBB8-2;Q9HBB8-4	CDHR5_HUMAN	CDHR5		10	10	22896.1	2695.62	5847.37	8686.89	6959.32	9974.92	4139.32		2067.76	2017.49	3337.26	2889.69	3071.36	6015.38	1193.15	15651.7	4435.76	13035.2	5819.69	5776.74
Q9HC77;Q9HC77-2	CPAP_HUMAN	CPAP		1	1		638.86		7019.29			5149.13	1081.58			381.536			1009.64						
Q9HC84	MUC5B_HUMAN	MUC5B		9	9	11184.3	2452.56	8870.5	12602.2	1876.15	5678.31	6911.67	5632.92	6367.35	3178.16	8681.88	3306.39	20744.3	4341.54	4202.98	18173.8	1243.54	2747.19		6760.35
Q9HD43	PTPRH_HUMAN	PTPRH		1	1	1861.23																			
Q9HD45	TM9S3_HUMAN	TM9SF3		1	1			403.656						1632.22											
Q9HD89	RETN_HUMAN	RETN		5	5		2171.08	1747.26	7400.08	663.575	2561.79	6521.81	8520.54	6386.76	2954.93	849.759				3102.35		4894.02	2546.44		
Q9HDC9;Q9HDC9-2	APMAP_HUMAN	APMAP		2	2									5428.16	2603.78							562.33			
Q9NQC3-3	RTN4_HUMAN	RTN4		2	2		2733.17		2556.79	1297.51		556.211		490.336	351.902	450.198				6078.06	761.313				
Q9NR71;Q9NR71-2	ASAH2_HUMAN	ASAH2		13	10	19298.6	37961.2	40132.1	74097.1	21868.4	33015.2	36039.5	39372.6	16513.3	16569.1	32358.6	30089.2	51578.6	41253	214546	8107.67	1146.99	14768.7	5907.04	19152.5
Q9NRD1	FBX6_HUMAN	FBXO6		1	1							712.867	680.588	782.345	1042.78	306.303					289.406	204.874			
Q9NUQ9	CYRIB_HUMAN	CYRIB		1	1									346.201								104.03			
Q9NX78;Q9NX78-3	TM260_HUMAN	TMEM260		1	1					3423.57		2369.73				3059.85	44958.7		10329.4	18820.2	3161.34		3069.85	9826.54	3470.62
Q9NYB9;Q9NYB9-2;Q9NYB9-3;Q9NYB9-4	ABI2_HUMAN	ABI2		1	1					2643.32		2534.64	1582.71												
Q9NZT1	CALL5_HUMAN	CALML5		2	2			906.199												36690.9					6690.88
Q9P289;Q9P289-2;Q9P289-3;Q9Y6E0;Q9Y6E0-2	STK24_HUMAN;STK26_HUMAN	STK24;STK26		1	0					938.718				2010.17		614.375						1753.7			
Q9UBC5	MYO1A_HUMAN	MYO1A		2	2		1107.17	782.262	992.394	793.823	467.317			958.594		693.181			2402.74	5373.9		2481.2	620.076		
Q9UBI4;Q9UBI4-2;Q9UBI4-3;Q9UBI4-4;Q9UBI4-5;Q9UBI4-6	STML1_HUMAN	STOML1		1	1							820.42	1825.29	838.789											1917.03
Q9UGM3;Q9UGM3-3;Q9UGM3-5;Q9UGM3-6;Q9UGM3-7	DMBT1_HUMAN	DMBT1		21	21	1.0165e+06	131530	162970	161372	47529.9	107941	214576	185002	360099	112695	115795	51925.5	32950.2	68483.9	298039	104529	80822.7	151464	34650.2	124529
Q9UJ04	TSYL4_HUMAN	TSPYL4		1	1					699.338		4252.39													
Q9UK99;Q9UK99-2;Q9UK99-3	FBX3_HUMAN	FBXO3		1	1		33196.8	8256.3	20231.6	6700.3	12138.7	1539.59	13090.9	2638.32		27090.2	14956.4	44589.6	17334.1	105912	17562.8	989.243	8284.17	8001.83	4900.96
Q9UKK9	NUDT5_HUMAN	NUDT5		1	1												248.295		183.821	258.158		371.187			
Q9UKN1;Q9UKN1-2	MUC12_HUMAN	MUC12		4	4				36205.2											51964.4					
Q9UKX2	MYH2_HUMAN	MYH2		35	5	22713.6	126765	3787.67	516939	44019.4	135354	82361.2	163530	114681	120942	177928		233555	15679.1	126119	72536.1		69779	20459.9	8071.21
Q9UL68;Q9UL68-4;Q9UL68-3	MYT1L_HUMAN	MYT1L		1	1			3607.56	31537.9			3356.99	15512.9			3368.25	3435.99		7732.73	20599.5					
Q9UM22	EPDR1_HUMAN	EPDR1		3	3	6547.27	2149.71	1890.65	7988.71	3993.55	3874.52	2399.88	4338.92	1968.75	3945.49	3780.32	5566.77	6043.41	1811.27		8124.62	1579.45	9248.89	8417.01	5978.79
Q9UM44	HHLA2_HUMAN	HHLA2		2	2	8412.56						11258	4786.06	2444.29	2721.97	4531.23						3214.32	8154.56		3711.49
Q9UPY8;Q9UPY8-2	MARE3_HUMAN	MAPRE3		1	1															17333.5					
Q9UQQ1;Q9UQQ1-3;Q9UQQ1-4	NALDL_HUMAN	NAALADL1		19	19	16081.9	7187.1	5612.81	23861.2	7838.8	5476.65	9008.29	17055.1	7975.88	2631.21	9699.82	17837.5	8967.26	16472.4	2282.41	19040.4	4957.47	23535.1	10836	9735.36
Q9Y277;Q9Y277-2	VDAC3_HUMAN	VDAC3		2	2			6272.37												9694.8					
Q9Y2C2	UST_HUMAN	UST		1	1		15452	6943.22			6912.38	5907.57	90372.4	29758.2		2139.79				5095.17		2053.3	4876.61		15322.9
Q9Y2Y8	PRG3_HUMAN	PRG3		1	1			1171.79						5740.7								743.658			
Q9Y3A6	TMED5_HUMAN	TMED5		1	1									3187.67											
Q9Y490;Q9Y490-2	TLN1_HUMAN	TLN1		2	2									4604.95											
Q9Y512	SAM50_HUMAN	SAMM50		1	1		25558.2		107300				40970.9	30501.6			10893.3	12241.4	17545.7				22729.3		22147
Q9Y623	MYH4_HUMAN	MYH4		13	4		30456.5		80339.5	19476.7	43138.2	13759.8	27500.7	17780.3	11761.3	19431.5		23550.3		13722.1	12643.8		6761.98		
Q9Y646	CBPQ_HUMAN	CPQ		2	2	290.026	1624.08	1182.8	1393.44	217.068		864.017	2073.73	417.258	869.73	2737.76	3288.89	3979.12	1664.03	2277.48					632.425
Q9Y6N5	SQOR_HUMAN	SQOR		2	2			4685.83	2766.69					7406.94	5688.08	1635.59			2279.94			614.275			
Q9Y6R7	FCGBP_HUMAN	FCGBP		104	104	1.23219e+06	257249	660109	151370	671112	517758	1.94371e+06	1.03801e+06	661486	380530	450690	1.45926e+06	323822	438354	60627.8	491201	395932	574764	560846	615211
Q9Y6X5	ENPP4_HUMAN	ENPP4		3	3	2119.95	1612.14	2033.21	3739.28	952.995	1341.9	5130.3	2830.6	5629.56	1562.88	1434.16	3364.29					3808.63	1278.25	2656.5	1033.16
