Genes	N.Sequences	N.Proteotypic.Sequences	E:\Julia\MB_proteomicsWorkshop\RawFiles\20201016_UdSjfb_20190115_freshstool_159-73X.mzML	E:\Julia\MB_proteomicsWorkshop\RawFiles\20220311_RDMitacsJFB_cal2a_036-41.mzML	E:\Julia\MB_proteomicsWorkshop\RawFiles\20220311_RDMitacsJFB_cal2a_008-47.mzML	E:\Julia\MB_proteomicsWorkshop\RawFiles\20220311_RDMitacsJFB_cal2a_032-19.mzML	E:\Julia\MB_proteomicsWorkshop\RawFiles\20220311_RDMitacsJFB_cal2a_020-38.mzML	E:\Julia\MB_proteomicsWorkshop\RawFiles\20220311_RDMitacsJFB_cal2a_098-25.mzML	E:\Julia\MB_proteomicsWorkshop\RawFiles\20220311_RDMitacsJFB_cal2a_080-42.mzML	E:\Julia\MB_proteomicsWorkshop\RawFiles\20220311_RDMitacsJFB_cal2a_064-26.mzML	E:\Julia\MB_proteomicsWorkshop\RawFiles\20220311_RDMitacsJFB_cal2a_030-45.mzML	E:\Julia\MB_proteomicsWorkshop\RawFiles\20220311_RDMitacsJFB_cal2a_004-6.mzML	E:\Julia\MB_proteomicsWorkshop\RawFiles\20201016_UdSjfb_20190115_freshstool_173-80.mzML	E:\Julia\MB_proteomicsWorkshop\RawFiles\20201016_UdSjfb_20190115_freshstool_181-84.mzML	E:\Julia\MB_proteomicsWorkshop\RawFiles\20201016_UdSjfb_20190115_freshstool_165-76.mzML	E:\Julia\MB_proteomicsWorkshop\RawFiles\20201016_UdSjfb_20190115_freshstool_157-73.mzML	E:\Julia\MB_proteomicsWorkshop\RawFiles\20201016_UdSjfb_20190115_freshstool_195-91.mzML	E:\Julia\MB_proteomicsWorkshop\RawFiles\20201016_UdSjfb_20190115_freshstool_035-14.mzML	E:\Julia\MB_proteomicsWorkshop\RawFiles\20201016_UdSjfb_20190115_freshstool_007-3.mzML	E:\Julia\MB_proteomicsWorkshop\RawFiles\20201016_UdSjfb_20190115_freshstool_003.mzML	E:\Julia\MB_proteomicsWorkshop\RawFiles\20201016_UdSjfb_20190115_freshstool_013-5X.mzML	E:\Julia\MB_proteomicsWorkshop\RawFiles\20201016_UdSjfb_20190115_freshstool_019-8.mzML
A1BG	1	1									6585.52								1290.06			
A2M	10	10			1816.81				4904.24	17814.2	32574.1	31123	1229.26				11994.2		4089.55			
ABCA1	1	1	658.356		3427.18		2004.9	3231.43	2539.22	5268.68	3224.9	1237.36				7917.04			932.124	3546.62		2388.69
ABCB1	1	1		1438.43		3587.79	2973.98									5411.32	7540.1					
ABI2	1	1					2643.32		2534.64	1582.71												
ACADVL	1	1		533.666	816.764		386.885		510.636		7637.3	641.718	1353.1			1569.73			885.924			
ACE	25	25	6227.46	10976.2	18030.3	23266.9	4032.62	6332.47	4761.62	45240.8	4429.07	3022.08	6736.67	31846.8	4164.41	55537.9	4222.27		2792.95	6921.79	4718.3	7714.32
ACE2	4	4								2304.34				8648.99		610.267						
ACOT11	1	1			2017.4																	
ACTN1	6	6		11789.4						16794.3	17487.2								1112.58			
ACTN2	5	5		9106.89		8540.27	3645.53	6208.25	3169.07	14648.4	4463.7	4248.39	4324.54							4647.94		
ACTN3	2	2				1835.03						909.876	708.894									
ACTN4	5	5			722.678	5523.55					14262.7	1344.62	1067.64						3845.79			
ACY1	3	3	14626.3	4199.01	2562.01	15611.8	2539.53		27381.5	28800.7	4174.2	7634.79	4688.09	16137.3		3819.28	5770.2	3938.69	2580.79			6426.76
ADA	9	9	10265.3		3051.18	4736.82			4115.46	5288.1	3674.51	12808.3	14508.8	33134.1		4793.62			1071.88	3047.38	5898.32	3613.35
ADAM9	1	1	597.298		424.618					550.495	315.912			848.583					159.752			
ADH1	7	7			26560.3	26291.1	1505.03		11219.6	10797.2	7854.8	5293.8	3449.79				73732.4					5085.46
ADH1C	1	1					307.963															
ADIPOQ	2	2							1360.67	3229.99		11389.6						2878.43	2204.41			
ADSS2	1	1									1390.37								2066.97	1092.37		
AGA	5	5	4556.6	1923.49	2813.68	5843.35	5894.03	10100.8	11558.1	8354.42	9739.59	2450.43	2386.28	2302.69	2962.69	3085.38		4373.01	2345.91	4181.03		2812.38
AK2	1	1				9814.9						9608.12		4027.18			45621					
ALB	78	78	11472.9	5785.73	12493	65028.6	4225.18	18469.4	75295.5	7685.06	155630	39916	26996.7	10893.9	11993.1	27526.6	77068.4	7752.39	9900	25461.4	8662.26	8358.66
ALDH2	1	1									5893.75	1097.15										
ALDH3A2	8	8		3957.82					3491.24	2367.92	12359.5	4037.07	5818.15				9283.68		8906.44	5640.11		
ALDH9A1	1	1									3549.27											
ALDOA	3	3			862.157						37642.7	3160.42	1137.34						1339.54			
ALOX5	7	7								8954.81	19558.4	5220.08						12012.3	21934.4	8865.96		8884.38
ALPI	18	18	190953	263992	103537	33158.4	270309	452967	324578	298769	252466	68509.7	82097.9	109459	269259	32059.7	85816.3	11088.7	51348.4	117866	21662.4	155535
ALPL	7	7	789.546	1231.87	516.956	1434.57	1250.91	1139.45	1131.44	1162.65	2441.5	5890.02	742.228	985.791		1267.81		3219.77	1805.78		694.28	
AMY2A	10	10	4.94001e+06	3.2837e+06	5.26706e+06	260080	2.9409e+06	5.96246e+06	1.69163e+06	5.45443e+06	768013	1.52316e+06	155661	7542.49	259127	4.22345e+06	113443	106274	3.11614e+06	7.35891e+06	45876.5	1.32573e+06
AMY2B	2	2	1.53096e+06	863244	2.27053e+06	19068	579233	1.70102e+06	332630	1.4041e+06	282859	271570	45808.9	1441.66	20026.3	7410.48	11721.6	19543.4	304455	1.45357e+06	14732.3	672310
ANPEP	29	29	166790	24686.1	209910	43601	54138.7	339898	175497	56652.9	354732	146006	71477.2	25081.9	146661	15957.2	52127.7	208089	20940.8		12769	49962.2
ANXA1	10	10			2541.06	5880.99		1682.27	4273.83	3972.51	146674	2716.48	12178			1745.79	21037.5		9689.75			
ANXA11	15	15	1111.76		3652.92	5215.33				2018.86	3593.33	505.983	2487.88	3413.28		4268.58	6427.18	2428.94	6764.7	8612.77	2243.45	3061.76
ANXA13	3	3		1003.45	836.516	1131.95	2237.05	2209.71	578.519		4108.88		1578.65		6172.33	1848.53			2311.18			
ANXA2	1	1		480.006	9919.9	577.058					1225.96						7402.72					
ANXA3	7	7			1615.24	1704.05			692.83	4942.54	41615.9	971.843							3318.62			
ANXA4	8	8	2224.2	3476.37	9093.6	7938.05	2198.84	3207.79	2855.14	1522.44	13023.6	1776.2	3615.04	1482.81		7215.52	8082.93	2245.53	3445.64	4330.37	1624.03	2113.13
ANXA5	6	6		964.899	3034.37	1382.77	806.406			828.659	19492.2	976.51				1992.72	3494.75		2309.41			
ANXA6	7	7		2372.75	425.675	2484.05			1083.21		26734.2	2554.59	2174.93						3150.73			
ANXA7	2	2		599.75	1983.59	1224.39	549.514		1006.41	1636.09	3706.39	901.42				1144.62						
APCS	7	7	5461.3	3209.22	2022.21	3752.62	2125.41	7421.22	17642.7	50336.4	36572.2	7555.35	2381.56	4260.29		1295.47	4160.55	22610	18045.3	56514.8	4952.34	14437.3
APMAP	2	2									5428.16	2603.78							562.33			
APOD	5	5	769.798	6086.72	4533.34	16491.6	1635.9	3034.26	7749.02	12350.9	4429.63	52566.2	5777.76	11114.6		4859.52	136055	3323.33				2273.88
APP	2	2	26262.4	23773.2	7340.24	3012.71	1750.57	24295.8	6249.49	18328.6	6130.41	4157.5	5479.48	7896	24911.9	4933.54		17465.8	3359.81	21111.6	2604.28	14629.5
ARF4	1	1			461.962						764.835											
ARG1	2	2									2994.34						12528.8					
ARHGAP9	1	1									4631.49											
ARHGDIB	3	3									741.384	914.709							579.816			
ASAH2	10	10	31408.4	34622.6	39496.1	63518.6	18101.5	29575.6	27549.5	28692.5	14513.1	13372.1	41980.6	32293.9	60817	41580.2	205759	10514.8	1189.61	19186.5	7644.77	29915.7
ATP1B1	2	2		2811.42	1926.27		1611.98				5461.96					2503.3	6426.86		1275.95			
ATP2A1	3	3				43649.1	924.591		2473.08		744.825	12499.1	9781.54				15183.8	19500.2		5028.25		
ATP2A2	1	1		5696.12				5231.71	3493.43	14248.2	2950.02											
ATP5F1A	2	2		2017.91			2995.27										2873.91					
ATP5F1B	3	3		8894.59	39388.7	63469.4	2654.45	3407.2	1039.53	9143.38	1411.68	1199.85	13274.9		95000	21145.9	137463					
ATRN	11	11	10320.9	1789.98	1831.38		1728.48		2110.6		3296.92	2644.95	1161.62			2520.58			1360.44	6269.78		2440.3
AZGP1	22	22	11283.8	4934.88	7928.28	5967.63	2750.39	5812.19	2823.41	21949.3	8072.68	16313.4	18906.4	16989.2	5649.63	10399.6	34255	7363.85	11127.3	20391.9	5420.58	2232.33
AZU1	5	5		5621.15	9800.12	4531.12	2307.95	10116	133246	313323	565030	14038.3	6350.57			3848.66	13496.8	27841.2	320363	15268.8	12080.8	1671.03
BCAT2	1	1							504.31													
BLMH	9	9	4476.09	2428.98	1071.53	1269.93	1124.91		4463.93	4211.14	5876.96	1333.39	3100.26	3422.24			35665.4	4618.22	4345.08	3642.84	1749.17	2938.76
BPI	4	4									33276.8	1072.54	2149.93						1694.43			
BST1	5	5	1599.94	2132.94	2920.23	6771.12	731.903		1251	2786.18	6211.52	3864.78	3455.11	1848.39		2285.7			1173.78			
C3	17	17			1482.85	3501.71	1551.11		9072	18059.5	49371.4	39062.9	1060.45						8301.41			1937.78
C4BPA	2	2							1672.41	12091.8	5777.61	6570.31							3588.11	2661.19		
C9	5	5								6702.16	5917.1	6971.11							10009.2			
CA1	7	7	29930.3	20605.6	64257.7	72033.7	60487.8	13481.8	288462	110291	401277	95219.4	21271.7	6389.88	15036	5275.82	16670	7380.23	35693.2	14111.2	30805.7	13445.5
CA2	2	2	1631.05	2260.64	4984.13	2798.91	1902.19	1204.87			21561.4	9256.17	1311.51	1614.68	5670.45	2508.72	4822.04		2105.15			
CA4	9	9	9339.84	1960.62	19970.5	3786.94	5130.47	5591.33	13034.7	7592.27	5704.02	6024.43	7828.57	11002.2	14588.2	8807.7	18051.1	3749.72	7777.3	7494.22	6885.55	4356.68
CALML5	2	2			906.199												36690.9					6690.88
CALR	10	10			1943.02				2592.29		55554.5	2382.41							8007.54			
CAMP	4	4									13863.8								1630.46			
CANX	2	2									12731.5								715.827			
CAP1	2	2			452.465						13274.6		497.118						1504.34			
CAPN1	7	7			4086.99	2525.77	1946.51		971.828		5771.82		1742.81			2542.88			5521.92			
CAPZA2	1	1					797.297		1084.7		5847.68											
CASKIN2	1	1		28468.3	42698.9	73712	4786.38	19134.2	10982.6	102080	16123.6		6560.8	6613.27	32508.1	10733.3	21366.6		1480.4			19074
CASP14	4	4	3913.04	1836.8	1552.3					2177.49		1324.02	2592.25		6284.88		40421				2827.67	3940.54
CAT	15	15	695.619								5818.44	1610.6	2058.9				9452.73		5054.93			
CBLIF	3	3	23611.9	4166.28	1157.71			1102.15	2607.78		1307.66	5721.13	2900.65	3976.26				3822.4		3624.74	2404.51	
CD177	2	2			2569.78		2005.96		3212.5		7321.69		1702.59			11107.7	9541.36		4753.09			
CD36	1	1		1956.64							2504.76	1578.46	979.628				2484.58					
CD53	1	1									6181											
CD59	1	1					556.12				10661.1											
CD63	2	2		2956.92	5134.77	12413	5335.83	2535.27	5292.3		61301.3	2852.16				10417.8	22735.2					
CD9	2	2			2905.3	9759.63	691.457									4629.89	9470.5					
CDA	1	1																1106.45	1140.77			
CDH1	10	10	30182.2	10292.3	13962.1	19192.2	21931.8	32035.4	18644.2	21197.1	22507.7	5652.88	13590.4	32291.1	12440.6	17995.3	5067.6	36467.2	9719.09	49954.1	32150.7	26346.5
CDH17	5	5	6471.89	1892.97	14046.3						2609.14			3792.3		4239.01				5114.48		5141.6
CDHR2	27	27	182094	100417	42749.9	82121.7	88990.6	145830	62535.3	97980.4	120635	24495.7	91274.3	106327	107145	124892	150041	265454	27753.3	282095	170476	111752
CDHR5	10	10	22896.1	2695.62	5847.37	8686.89	6959.32	9974.92	4139.32		2067.76	2017.49	3337.26	2889.69	3071.36	6015.38	1193.15	15651.7	4435.76	13035.2	5819.69	5776.74
CEACAM1	6	6	8618.5	13314.7	53395.1	6143.17	18641.4	30016.6	49054.7	24520.9	32749.3	13992.3	9593.04	6308.02	13501	9578.88	12928.6	8243.91	6315.66	10480.5		7838.26
CEACAM5	9	9	119752	32984.8	326140	228922	123354	149312	694976	79717.1	386750	39801.6	76350.4	146086	33547.4	197542	125578	68571.9	123869	58113.7	26421.7	39448.8
CEACAM6	4	4	9622.92	17968.5	28405.7	6014.97	17480.8	51086.8	35512.5	70020.1	99075.4	4169.58	7854.79	3942.87	3892.82	6808.48	4229.3	28121.5	17898.7	9734.17	3253.84	10875.5
CEACAM7	3	3	45306.4	9331.01	69013.6	12147.3		20522.2		8620.24	22975.5	3148.38	8426.01	12341.4		32423.2	42499.4	3640.44	13245.6	11518.5		12928.6
CEACAM8	4	4	1877.51	2413.2				4758.33	11672.6	39253.5	66645.2	9209.66	2454.73			1663.8		17571.7	17227.1	13887		7637.75
CEL	6	6	4080.43	3041.76	2616.04	7800.25				39890.5		14024.1	1048.94	2134.35		4187.35	19230.1					
CELA2A	14	14	4.25872e+06	2.78119e+06	1.8486e+06	163179	1.3724e+06	6.37754e+06	4.87754e+06	165995	2.64064e+06	605686	106086	37237.9	2.30218e+06	91447	94492.7	56111.9	474424	168534	40120.3	464277
CELA3A	12	12	5.09307e+06	2.87622e+06	2.33232e+06	1.22734e+06	2.43767e+06	3.47147e+06	2.0901e+06	3.07831e+06	1.71455e+06	67445.2	3.40708e+06	2.39835e+06	754470	4.71733e+06	5.90548e+06	4.32555e+06	1.41575e+06	6.45046e+06	1.94764e+06	979997
CELA3B	8	8	186183	475493	849615	123659	513016	1.24666e+06	230375	46037	402425	49179.8	229367	70099.1	565763	305557	177000	52531.8	238994	104731	30439.6	228785
CFTR	1	1		11892.9	6583.14	51192.6	13931.6		6844.25	16580.9	15014.2		7511.72	32810.1	36639.1	10310.5	33658.9		1302.27			
CHIT1	2	2								999.778	11898.1	3394.39							1461.32			
CKM	4	4	1162.14	27921.1		167903	42882.3	28141.7	58085.2	92279.3	43419.2	72567	24355.3		6512.54		12847	17667.5		10227.8	5644.57	
CKMT1A	4	4	1595.04	9924.92	28634.2	46809.6	1521.74	4396.14	9728.45	17877	10435.4	44756.5	11489.9	27409.6	10169.5	13582.4	144597		776.258			2455.32
CLC	2	2			1603.58						12598.5								1914.89			
CLCA1	25	25	488319	113294	356033	309904	57400.9	29073.4	160397	630224	154726	484569	173381	118954	327807	174728	358048	24500	130371	83355.7	38852	359909
CLCA4	10	10	2231.91	2902.43	14040.1	12809	3140.13		4022.79	5445.68	2846.91	2455.26	6234.6	2442.9		7560.17	11875.5		2067.65			2767.16
CLDN3	1	1															69542.5					
CLDN7	1	1														2165.61	13125.1					
CLPS	6	6	290594	54438.6	5645.69	57473.4	1.12134e+06	81687.3	133132	287130	251367	65736.4	40359	33737.9		49042.5	107053	42967.8	6364.31	74458.6	21616.3	45358.7
CLU	1	1															18425.6					
COL1A1	6	6							15082.9		8894.28					4317.59						
COL1A2	1	1							6867.71		1443.06											
CORO1A	1	1							1140.34	2620.81	139027	5154.31	607.624						6072.18			
COX6B1	1	1				1700.06	571.568		1954.12		1093.42		727.795									
CP	20	20			1507.74		2008.35		1212.02	40733.7	32733.5	16738.4	2029.39						13812.5			4115.14
CPA1	20	20	2.09351e+06	727440	298594	817232	3.42896e+06	1.75743e+07	5.6382e+06	3.51596e+06	5.75608e+06	1.80867e+06	253275	1.90971e+06	149440	1.4573e+06	158414	309392	485354	5.24517e+06	3.44509e+06	2.36997e+06
CPA2	13	13	8628.06	33574.6	10616.6	38728.2	14141.8	572557	30736.2	173001	125575	72125.1	12696.1	97977.8	14054.9	36895.1	11681.8	61656.5	8256.63	306815	132053	44866.8
CPA5	1	1	598.688			55046.2	2607.09	149093	57395.9	9413.94	15961.2	63294.7		61907.5		3112.95		2689.31		59468.4	30709.5	74662.9
CPAP	1	1		638.86		7019.29			5149.13	1081.58			381.536			1009.64						
CPB1	22	22	119915	218755	2.54115e+06	159403	37748.3	2.9235e+06	743522	1.29702e+06	282035	304236	432170	314358	395530	133101	43005	284922	48412.8	355058	567834	533221
CPNE2	2	2									1375.78								2156.84			
CPNE3	8	8	2117.24	2515.1	2332.07	6845.27	950.485	6206.31	2153.91	7871.17	24676.3	1223.38	4142.27	8560.32		4566.78	8600.7	18546	23183.7	18574.8	6168.78	
CPO	2	2		3461.72	1867.34	1013.42					1500.67			1179.58								
CPPED1	1	1									2814.96	269.793							416.454			
CPQ	2	2	290.026	1624.08	1182.8	1393.44	217.068		864.017	2073.73	417.258	869.73	2737.76	3288.89	3979.12	1664.03	2277.48					632.425
CPS1	1	1			4348.58												3807.07					
CRADD	1	1									8564.45		1111.64								27268.9	
CRISP3	1	1									846.333								91.149			
CRP	4	4							532.933			83433.2							1278.53			
CRYAB	1	1				12801.5																
CSN1S1	6	6	2121.43	20886.8	18660.9	16914.3	53607.9	36910.2	11232.7	29259.4	9976.79	4157.53	7764.63	949.08		2023.26	19692.2	14706.3				811.455
CSN1S2	3	3		6478.46	29332	5477.11	15518.5	15212.4	6804.14	8461.73	14910		25248.9			11441	19253.8	23354				
CSN2	3	3	780.13	21444.8	11673.8	22149.3	32410.4	45477.6	17546.7	35723.9	10569	8292.13						7400.65			1554.32	
CSN3	1	1		943.243	2390.73		1160.34	1485.11	404.725	1921.39	934.123											
CSTA	5	5	6740.19	2678.69	3073.5	7219.16	1769.32	4417.93	6181.35	28037.2	51901.2	18880	19802.3	10714.6	13998.3	3812.77	44357	6191.44	5917.59	21261.9	9252.07	11630
CSTB	2	2	2552.29		1601.2	2277.71			1483.3		6259.46	1056.68	2057.11				2533.7		2335.22			
CTBS	8	8	3805.16			2923.77				1781.18		2774.98	1335.82	2656.28					2363.19			
CTRB1	1	1							2506.4			351.124										
CTRB2	2	2	6954.6	320597	32011.5	20254.4	6204.37	36146.9	17826.9	80208.8	5189.96	2284.32		1916.13	6349.16	12196.7	11432.9	15845.1	2113.35	7510.02		3971.96
CTRC	18	18	3.98364e+06	3.11414e+06	2.31804e+06	977953	2.23956e+06	6.78706e+06	2.1454e+06	4.61743e+06	1.95173e+06	412039	2.621e+06	934150	1.39448e+06	3.98417e+06	2.85067e+06	3.32264e+06	876448	3.32724e+06	2.24457e+06	803021
CTSC	5	5	1152.18	1403.54	4275.52				5976.6	13407.2	20337.9	1979.19	1711.16	1673.33		1182.21	2376.77		7179	1522.15	1440.48	
CTSD	5	5			9478.19	7069.55	1519.68		1646.41	5065.62	11435.6	5177.23	4529.98	2868.32	4226.48		4885.68	2025.46	1917.16			
CTSG	5	5		8520.35	16427.2	5086.34	2539.89	19530.7	23802.2	55870.9	712005	80262.7	11409.6			8997.35	19788.1	12863.6	25982.2			13216
CTSH	5	5	3954.16	1288.87	971.737		2116.09		5163.78	5840.95	7625.7	2812.64	2987.61	2741.38				3585.65	3190.49	1982.9	2688.6	2467.98
CTSS	2	2	1958.87	892.458	7709.74	3715.44	607.15		3290.35	4131.09	2665.6	1537.81	2277.37	6038.2					2125.63	2893.66	2241.21	
CUBN	4	4	4996.79	2014.38			1130.16												1054.77	1498.36		
CUZD1	12	12	102848	85971.5	149783	47457.9	37574.5	92909.4	49425.8	91621.5	37312.3	41007.9	64203.3	77443.1	97428.8	71664.8	301333	107879	15409.2	175342	79049.3	66199.2
CYBA	2	2									30697.5								2058.48			
CYBB	1	1									4858.71											
CYCS	3	3	815.316	1665.23	1383.58			3580.62	2688.39	1042.94	8481.69	4260.53	720.475									
CYRIB	1	1									346.201								104.03			
DBI	1	1					647.155				12310.4	1545.19							4098.79			
DCD	2	2	14673.3	17528.5	8969.98	6896.14	6986.59	35156.8	12920.1	14435.9	10059.4	12457.3	9652.54	13267.9	17988	16754.8	73805.2	8242.92	1826.96	9195.75	15991.8	10641.1
DEFA4	1	1							981.656										1223.7			
DEFA5	1	1	1996.11	6741.02	1305.67	2836.68	1368.33	2601.21	11353.4		1177.07	2340.56	10231.4	12395.6	8394.55	6224.11	204231	8085.1	6548.17	2864.61	2962.59	5212.79
DHRS11	1	1			816.074					1114.23				1430.25					230.145			
DLD	6	6			1591.49					2148.44	1693.24	4570.45	2903.49	7967.26		2328.92			3650.78	5325.28		
DMBT1	21	21	1.0165e+06	131530	162970	161372	47529.9	107941	214576	185002	360099	112695	115795	51925.5	32950.2	68483.9	298039	104529	80822.7	151464	34650.2	124529
DNASE1	4	4	8294.15		1889.97	3532.92								3708.66		2225.27				2249.26		1710.07
DNASE2	2	2	3972.65						1738.96			540.286				969.526						
DPEP1	17	17	82023.3	157449	34812.9	146384	82997.9	105101	88321	57958	35742.4	21620	77386.9	124757	144693	94860.2	109053	85287.2	62219.4	177037	81959.2	49488.8
DPP4	32	32	46287.4	27366.7	39446	69171.5	35868.3	15654.3	25269.9	28322.4	7084.31	18196.4	30109.7	92615.2	12476.6	53295.9	14939.5	41654.9	11285.5	53258.9	15183.9	19663.5
DSC1	1	1															104936					
DSC2	1	1			5943.57																	
DSG1	6	6	1567.98	3311.78	3421.04		1523.61						2032.42				46087.3				6702.04	4919.83
DSP	4	4	1654.82		1452.71		478.715		617.838			531.475	2976.77				2936.09				5015.86	2010.26
EEF1G	1	1			168.072	508.599					1435.58		221.345									
EEF2	2	2			1613.82						14073.2	1587.5					3703.86					
EIF4A1	1	1									3515.01											
ELANE	4	4		11094.9	15005.3	2931.2	3546.22	6342.98	83982.3	28595.8	167326	978.225	2811.46				11170.2		15146.8			1243.09
ENO1	2	2			1230.06				49859	2201.46	30310.6	20830.2	1372.73						6954.51			
ENO3	2	2	700.053			13660.8	5607.93		5633.76	1028.04	15911.7	1477.79	5406.27				3057.76	8055.76		2588.5		
ENPEP	4	4	2404.17	10042.5	1841.17	2707.44					9289.46	4195.27	2240.65						4657.95			
ENPP2	2	2	3467				2244.39															
ENPP4	3	3	2119.95	1612.14	2033.21	3739.28	952.995	1341.9	5130.3	2830.6	5629.56	1562.88	1434.16	3364.29					3808.63	1278.25	2656.5	1033.16
ENPP7	18	18	322516	97847.7	24667.8	20926.6	68413.3	81674.3	34083.7	98715.2	56986	27005.5	82719.7	99531.6	133682	138764	45578	274880	23128.9	249506	94442.1	107220
EPCAM	2	2			4004.35				6251.92		4143.68	2932.85	2653.1									
EPDR1	3	3	6547.27	2149.71	1890.65	7988.71	3993.55	3874.52	2399.88	4338.92	1968.75	3945.49	3780.32	5566.77	6043.41	1811.27		8124.62	1579.45	9248.89	8417.01	5978.79
EPS8	1	1			323.78		99.9731				206.08		439.567		5496.24	740.551	744.178		92.1977			
EPX	18	18		2161.24	8498.99	2833.83	1647.18		5245.32	4302.42	33174.2	994.304	1740.16				20461.8	4365	7712.85	2242.26		2569.25
FABP1	1	1			6360.6	34248.4	3945.11				12619.9	27768	7586.5	1190.44	49378.9	10590.2	20742.7					
FABP6	1	1			364.465						1031.12	5674.66	4198.09									
FAHD1	1	1							8271.24													
FBN1	1	1							1320.59		2274.24									4109.09		
FBXO3	1	1		33196.8	8256.3	20231.6	6700.3	12138.7	1539.59	13090.9	2638.32		27090.2	14956.4	44589.6	17334.1	105912	17562.8	989.243	8284.17	8001.83	4900.96
FBXO6	1	1							712.867	680.588	782.345	1042.78	306.303					289.406	204.874			
FCAR	2	2									3413.85	2267.79										
FCGBP	104	104	1.23219e+06	257249	660109	151370	671112	517758	1.94371e+06	1.03801e+06	661486	380530	450690	1.45926e+06	323822	438354	60627.8	491201	395932	574764	560846	615211
FGA	1	1										8941.58							2964.2			
FGB	4	4			2261.23						267002	8619.26							48391.8			
FGG	11	11			7417.72				20001.2	39654	59638.6	36628.4	6809.3						13113			
FHL1	8	8	7590.69			39315.3	818.031		27300.5		21155.6	2044.05	24450.7		5570.54	3725.02	19939.2	59483.5		15089	4126.32	
FHL3	4	4	1580.29			2894.37			5378.49		25214.8	2562.03	7441.77		6986.79			10437.3		11268.5		
FLG2	4	4	2106.58	2557.01	961.224		1328.93		2578.84		2198.55		2847.33				40329		325.459		2931.06	3524.15
FLNA	6	6								3952.91	8281.33	2041.21							9024.24			
FLNC	10	10			597.039	55013.3			9340.72		57219.8	6373.05	41117.8		35689.3	5258.6		24063		25302.9		
FMN1	1	1	15784.1	2242.7			2127.29	4058.82	5131.95			457.333			4806.11				1470.97			2482.95
FOLH1	1	1	757.421	402.353	834.092				345.208		257.448		367.118									
FOLR3	4	4																	35579.4			
FTH1	7	7	1692.14	6112.79	2879.18	13213.7	5189.55	4186.36	19784.8	78073.8	61676.1	6510.02	36403.5	12230.5	12105.8	1723.75	7681.58	133447	31004.4	18947.2	18173.9	39589.4
FTL	6	6	1462.83	2381.88	3063.86	5379.7	4478.7		25046.7	58524.8	53601.5	2094.59	26791.1	5296.72	4242.5	2180.34	8565.21	83692.7	33148.6	17933.8	6275.02	30998.2
FUCA1	1	1		2156.1		1972.47						1109.97	3004.47	830.344	3612.37	3291.98	5459.31		462.567	996		
GAA	4	4	1810.97	474.258	357.739	506.28			644.689	952.083	862.205	419.169	1619.79	3833.55	1219.66	746.3	896.995		465.361			819.729
GAPDH	11	11	16576.6	240629	808526	464849	111155	27543.3	374010	219494	233595	167621	121102	371076	409851	79863.2	310298	96499.7	42731	269480	133112	197864
GAPDHS	1	1	19773.7		3376.42				4018.25			8577.01		3184.38			20152.9		2475.82		13822.4	2073.79
GCA	4	4			1371.51					2087.1	50622.5	4310.21	2116.12						5172.79			
GDPD3	3	3	1680.88	1307.92	1725.66	4965.21	1401.56	3932.11	4172.85	7764.24	2128.01	2805.84	5752.76	8716.04		3239.47	18565.4	3111.51	1377.16		3850.21	2409.89
GGH	4	4	778.593		1576.99	908.18	327.009		1388.06	3957.89	2751.42	513.058	1918.87	1522.74	1983.8		1664.8	1118.39	2488	1353.59		1851.42
GLO1	4	4					611.259		2828.27	1059.67	8066.35	2640.49							1783.77			
GNAS	1	1			699.129		333.5				1601.35					757.221			861.774			
GNS	3	3	1737.32		860.407				1200.68	2087.57	2929.6	721.674	364.673						332.433			
GOT2	2	2			1556.29		1443.92		5642.29		5187.78	1039.21										
GP2	13	13	237176	27319.1	26638.8	20954.9	5176.65		36964.6	120412	17427.4	15822.6	26444.4	24659.8		16119.9	83475.5		10495.1	16747.1	8423.92	26445.6
GPI	5	5	8020.88		4114.15		2029.35		12843.1	1673.21	92084.1	19668.5							6105.65			
GPLD1	10	10							5082.84	13845	6988.19	9338.94					6635.09		6094.67	7274.84		1881.95
GPRC5A	1	1			12390.8		833.705						3800.84		9379.76	13940.2	46063.2					
GPX1	5	5			2297.25					708.56	7805.9								3783.57			
GPX3	3	3				866.544			532.826	7905.65	2256.93	1730.9						2830.64	2253.1	1571.8		1414.85
GRN	5	5	5060.16				633.942	9229.12	4179.59		6711.84	500.429	1209.02						798.148			
GSDMA	1	1											1508.09				27724.8					903.272
GSN	2	2			1128.36						16680.3											
GSR	4	4								816.164	667.54			1439.34		821.351			1125.36			437.779
GSTO1	4	4			732.818						14485.5								822.634			
GUSB	4	4	1927.12	777.59	593.273	2307.1			1275.89	1387.07	714.572	1238.11	1781.68	4264.28		2241.95	6138.76	5421.75	2143.23	4674.11	1773.91	2687.15
H3-7	1	1		27616	14443.5	86629.7	10395.9	41289.5	25618.4	12733.1	37556.2		5436.55		66393.6	78111.2	51628.8					
H4C1	4	4	1554.71	31280.1	34156.8	44961.2	3934.65	9039.25	4954.36	41031.7	22197.1	2512.59	23982.1	10497.4		7666.04	319200	19500	2364.95	7568.35	6366.11	5495.15
HBA1	2	2			4362.38				31221	3083.69	1.19205e+06	16193.1				5871.55			3238.99	24197.7		
HBB	11	11		1334.07	11494.6	18210.2	4322.42		74782.8	29446.2	2.23894e+06	19010.3	5922.26			9959.62	11429.4	9265.03	232983	33824.9		2458.89
HBD	5	5							2982.92		73352.9								6181.18			
HBG2	1	1									3644.48											
HEXA	1	1			2227.08	2982.05			1654.42	3291.24	11133.8	9427.37							1652.82			
HEXB	2	2			5169.99				1335.59	4403.61	2592.8	6280.85	1652.91									
HHLA2	2	2	8412.56						11258	4786.06	2444.29	2721.97	4531.23						3214.32	8154.56		3711.49
HLA-DPA1	1	1	575.943						2091.89		1920.48								568.873			
HLA-DPB1	1	1							12402.1				4795.55									
HLA-DRA	5	5	2376.8		3114.89	6213.97			8097.22		3849.87	4499.34	2199.02	3034.34			2482.96		4414.93	1378.43		
HLA-DRB1	1	1							3659.16		5994.9											
HNRNPA2B1	1	1									219.798	411.739	322.999									
HP	3	3									33903.8	19810										
HPX	5	5									82101.7	20810.8							3758.56			
HRNR	2	2		1998.32	1177.78		1132.01	2444.26	804.352		2243.72	1115.73	1193.92								3993.62	1227.9
HSP90AA1	2	2		1841.87	1061.14		872.731	4143.13	2158.97	16823.5	8751.41	2954.88	2118.94									
HSP90B1	2	2					839.279				7743.08	559.397	916.64						503.81			
HSPA5	8	8			1308.65						5260.04	585.425		1921.81		3287.87	16301.9		727.875			
HSPA8	1	1			682.772						16675.4								378.726			
HSPB1	1	1			1244.37																	
HTR1D	1	1	3854.06	22671	2298.32	70876.9										18399.6	48669.7			14239.7		
IGHA1	10	10	272350	65973.2	1.42205e+06	76620.8	139671	93038.5	766984	358778	300520	529323	242956	91725.6	264740	304513	139805	27477.1	148298	98141.5	98874.5	65394.4
IGHA2	1	1			3900.62		5185.53		1503.97		4796.29	3762.92	1790.27									
IGHG2	4	4			3899.74				18679.3		76466.2	32100.4							17195.3			
IGHG4	2	2			518.646				9426.35										2495.97			
IGHM	15	15	151901	9589.84	232170	18045.7	37259	45306.9	160172	27545.3	75506.2	146579	6781.07	3928.9	14154.7	13917.8	33900.3	6897.3	56232	5798.37	8567.22	23544.1
IGHV1-18	1	1	1743.24		7460		4797.91		4542.06							2859.54			2930.35			
IGHV1-2	2	2	5761.65		8263.74		3083.87	5470.78			3513.58								3556.45			
IGHV1-3	1	1			7665.67																	
IGHV1-46	1	1			4555.53		5851.13	8324.46	5317.45			2028.83							2782.23			
IGHV1-69	2	2	1756.9		2849.87		1380.34															
IGHV1-8	1	1	2459.78								1151.98								524.298			
IGHV2-26	2	2	2171.39		18980.2		2200.6		932.315	1657.91	1282.08	1041.91				662.841			508.658			
IGHV2-70D	2	2	19420.8				5396.31	2572.65	774.431		10537.3	4254.53				1727.95						
IGHV3-13	1	1			7676.79		4361.11	1924.72	11022.8		1928.85											
IGHV3-15	2	2	5750.36		14040.1		3143.05	3873.89	11438.2	4028.96	2853.65	5752				4290.98			6305.62			2731
IGHV3-23	1	1	817.754		14294							8807.35							1451.54			
IGHV3-35	2	2	385.688		8403.76		6037.24		10919.1	960.828						1791.17			707.815			
IGHV3-38	2	2	8928.65		33294		12872.1	4981.73	12799.4	6959.74	9661.56					9370.48			8795.1			
IGHV3-38-3	1	1			1176.38		5955.89				1135.18								622.339			
IGHV3-43	1	1	1832.31		2389.37		2098.49	2931.37	8732.87		2652.29	1452.82							1340.33			
IGHV3-49	3	3	4879.29		11543.6		13647	5090.68	32374.8	13045.2	12927.1	2706.82				4572.43		468.979	3821.07			267.678
IGHV3-64D	2	2	5658.56		8550.9		5287.98		5625.56	3437.09	4405.14	1657.74				3294.8			3251.85			
IGHV3-7	2	2	51151.6	3872.02	105837	3288.79	18330.9	70850.2	104947	73935.3	43223	119573	4041.5	3263.67	13770.7	28691.5		5278.63	49463.9	8640.6	2176.96	38154.6
IGHV3-72	3	3	6480.1		24620		4569.59	5206.1	8007.83	2759.95	2493.21	969.127				2535.64			2757.51			
IGHV3-74	2	2	34708.5		17455.1		7137.18	3159.29	30386.5	14835.7	16210.6	5307.68	516.693			8058.81			10251			1587.24
IGHV4-28	1	1	9137.28	1856.19	50596.1	9433.26	21030.1	27799.5	39863.3	28063.9	27083.5	26956.2	3295.74			6124.9		6955.36	6431.53	16189.3		12388.8
IGHV4-34	1	1			8114.64		1493.01				2308.12	6708.57				2615.3			1151.6			1907.31
IGHV4-4	2	2			873.573		2121.7		6870.58			12569.6							1485.28			
IGHV5-10-1	2	2	6390.41		32841.2		2636.25			10559.1	22013.9	7286.85				2750.63			7096.54			5267.97
IGHV5-51	2	2	9779.29	2435.85	15910		19928.8	12754.2	17988.6	10592.4	10812.6	13327.9		2898.63		3328.37		12873	25412.7	11685.2		14552.3
IGHV6-1	2	2	18639.7	10538.2	311234	50576.5	79420.4	12318.1	462711	290872	64737.7	6747.12		5320.32		21538.5			98440.4	16684.9	13272.6	40251
IGK	5	5					18846.5														4106.62	
IGKC	2	2	1.12324e+06	200195	2.39082e+06	233204	1.67213e+06	2.17718e+06	2.79504e+06	3.26067e+06	1.02375e+06	1.93445e+06	282281	224229	1.14683e+06	787401	74251.1	1.52555e+06	3.03769e+06	1.09432e+06	504786	2.84892e+06
IGKJ1	1	1			10088.1		4405.9		5853.29	4673.91	5473.97					3574.75			5384.76			5364.12
IGKV1-16	2	2	3254.13		6268.42		2040.22		2319.6	2968.17	4289.26	1554.52				3830.08			2706.29			3352.17
IGKV1-17	1	1			2316.71		459.159		2159.03	1380.84	2118.02					553.776			398.903			
IGKV1-27	2	2	3122.57		21481.4			5064.28	3151.56	6912.23	5153.54								1562.54			
IGKV1-5	2	2	3764.46		24718.4		6319.89	7514.34	5290.17	14079.5	6639.37	1530.11				1574.1			2650.52			
IGKV1D-16	1	1	779.688		2372.8		821.419	707.656	3311.26	1231.32	881.192								413.273			
IGKV2-29	1	1	2022.17																6022.57			
IGKV2-30	1	1	86654.8		66530			91042.4			191941		3600.16	4416.73	26715.5	21766.7		8337.21	35205.8	7543.87	5734.52	23719.1
IGKV2D-30	1	1	3006.05				470.497					2601.86							2289.29			
IGKV3-20	4	4	51541.7	1957.26	156914	2631.36	49814.3	51013.2	87980.9	70010.2	78058.1	19579.8	2328.32	4779.75		42593.7	10191.8	18955.3	110734	14504.7	8946.77	30517
IGKV3D-15	1	1	4724.74		11403.1		5903.78	7068	7523.09	14321.3	12369.7		469.429			8076.34			9490.5			4124.85
IGKV3D-20	1	1	16546.2		10732.8		10025.8	37961.9	12413	11795.1	12662.4	5464.79	789.809	2514.93		7099.41		2121.68	13010.3			16606.9
IGKV4-1	5	5	152826	8346.68	291860		83125.8	118760	126379	141814	136807	166692	11419	9796.54	53652.7	69140.5		24422	84131.4	22986.4	9194.72	42736.6
IGKV6-21	1	1	3501.63		2820.43		456.696		21347.5	1999.32	18302					2246.23			3358.96		2353.19	1573.43
IGL	4	4	4552.75				44394.9		31190.2						11650.3							
IGLC7	2	2	695.217		546.297		117.398		409.759		303.392	434.207							167.624			
IGLL1	1	1	13006.2		1713.32		2894.79												1271.83			1366.02
IGLV1-40	1	1	12140.8		34446.7		5616.41	10223.9	10922.9	2179	16385.3	17291.9				867.291			1150.41	4913.98		
IGLV1-47	1	1	8786.84	504.998	36959.9	2871.93	10176.3	11074.3	32658.8	12488.4	9376.21	1512.55	643.389			3623.51	2785.26	1993.49	2104.17	5146.94		523.01
IGLV1-51	2	2	20741.1	1778.41	13307.2	5025.18	21661.4	27033.9	48441.3	15691.8	36645.4	74016.6	4465.54	10148.8		6675.91		20951.4	9167.21	5929.19		11376.3
IGLV10-54	1	1			2577.22																	
IGLV2-11	1	1	4402.54		6536.14		1463	1809.29	3479.44		1214.82	32373.7							1276.37			
IGLV2-14	1	1	13160.3		9110.31		6350.21	2752.37	4300.93	1525.75	5063.5											
IGLV2-18	1	1	5755.37		1005.26		766.692		6105.86	9831.86	1460.81	25143.6				3229.98			787.397			1262.37
IGLV2-8	1	1	10075.3		17588.7		4881.14	10413.5	5181.8	1617.38	4590.36	36880.6				2590.48			1741.82			
IGLV3-1	1	1	3802.43																			
IGLV3-19	4	4	9547.56		30390	5089.5	13038	9833.18	34020.6		21194.6	9413.02							2645.23			
IGLV3-21	2	2	8622.41		33468.4		14994.4	21664.4	9978.78	4617.96	9978.92	12213.5		3552.62					2209.42			
IGLV3-25	1	1			21796.2		3686.2		2296.63		4190.8	9183.86										
IGLV3-9	2	2	7679.67		6065.97		3159.55	5019.44	2603.82											7166.12		
IGLV4-60	1	1			5901		1546.54		2950.28			4014.81										
IGLV4-69	1	1	5085.41		12361.9		6542.68	15465.2	19595		9834.66	6049.2	1648.49	2748.33					710.345			1190.86
IGLV6-57	2	2	2236.14		1555.94		3152.82	4917.32	5373.81		9448.27	17902.2							522.682			
IGLV8-61	1	1	6923.57		15248.6		3319.32	16794.4	17439.7	3088.95	5933.92	15676.8	1191.42			3382.52				9600.05		2781.65
IGLV9-49	2	2									6636.26	10700.1										
ITGAM	7	7									12081.9	3523.3							972.189			
ITGB1	2	2			3701.66	13124.7						2493.13		9166.58								
ITGB2	5	5							2900.48		38615.9	5219.09							2623.21			
ITLN1	8	8	66074.2	31269.3	25090.2	23378.8	50594.3	48399.8	111355	33121.2	12247.7	9537.32	12958.6	37479.2	16506.8	38319.7	158720	43878.3	13850.1	44554.9	29354.8	31379.6
ITLN2	11	11	18202.6	15314.3	3784.3	21006.4	7728.52	39714.5	124865	30916.2	20048.4	1544.17	29866.5	36398.1	9387.59	47024	395404	85283.8	31539.8	78576.2	35254.1	29358.9
JCHAIN	6	6	207425	24081.5	1.06063e+06	57216.1	42180.9	55760.2	208083	94628.4	100237	407367	194972	362409	358885	270664	75498.5	78668.6	109533	119325	76827.5	128606
KCNAB2	1	1									4550.53											
KLHL31	1	1			413.166	1242.36	1831.16			3940.89												
KLK1	6	6	271625	174646	249517	278551	71813.6	588598	495503	562196	212572	102962	347067	31860.3	232640	255045	13516.9	398384	49647.2	6290.56	185719	92917
KPLCE	1	1	2357.94														10129.1					
KPNB1	1	1									1322.73											
KRT1	25	25	172978	142772	81577.9	128842	58945.7	230824	90841.7	140047	81222.9	96618.2	271498	57500	205329	51818.3	1.7255e+06	164062	33862.9	153978	288227	249348
KRT10	17	17	74658.8	63648.4	38218.2	57637	22069.8	97419.3	46502.6	54812.3	36599.8	35630.5	73184.5	12865.1	42807.3	16053	847839	58625.3	13304.7	38033.5	93692.2	76461.4
KRT13	1	1			503.032						474.455		1004.49				3725.97	764.887				
KRT14	3	3	4279.95	5433.04	8114.52		1626.64	6747.31	4328.71	4733.15	5931.72	2289.74	5049.72	2658.85		2874.13	33090	3722.39	1376.18	3407.87	8864.96	7380.26
KRT16	9	9	1882.9	2796.91	15477.4	1149.96	616.341	3207.06	1619.47	2588.18	2539.93	1234	2073.78			2602.02	3798.94		558.023	998.298	2266.32	2447.04
KRT17	1	1	1111.29	850.59	5790.24		402.803		1100.67	1049.4		1708.27	585.334			1935.35	6407.46			1496.05		4439.65
KRT19	3	3			1695.74	1814.69	777.093				5261.92		2877.9			3181.24	6481.66					
KRT2	25	25	70106.6	47242.3	26812.5	51174.3	15596.5	85209.3	35486.5	41658.5	29811.6	38327.5	81910.2	15417	52436.3	15980.3	371573	62950.3	11354.8	60686.7	112296	104832
KRT20	1	1			2085.39																	
KRT31	1	1			12313.8																	
KRT34	2	2			3410.96																	
KRT36	5	5			13592.2																	
KRT4	1	1											7221.25			4631.11	19131.6					
KRT5	8	8	11647.3	9966.51	11209.3	9743.26	3332.87	17668.2	7948.51	11064.3	7308.14	8308.77	21611.6	4715.9	12182	4725.13	136618	13106.3	2092.17	10575.7	20885.9	18351.6
KRT6A	2	2	1192.75	1302.94	7129.67	932.163	813.939	1293.8	2091.27	1017.19	1395.4	1184.6	2995.24			1666.81	1702.07					3990.62
KRT6B	2	2		1576.89	12580.3	2495.64	700.188	1809.77	2680.35	1836.89	1582.85	2831.57	974.97									2314.1
KRT77	12	12	6003.56										14866.7				194089					4784.85
KRT78	6	6	4027.11	3460.07				3946.65	1907.27				4985.13				78668.2				4739.35	3123.86
KRT8	6	6			14572.9	15583.2	1648.29				9573.22	2761.9	1252.88			6831.15	24995.1		1672.15			
KRT84	21	21			27557.8																	
KRT9	22	22	47397.9	73698.4	41854.1	66304.8	36125	110802	52678.4	73626.3	42925.4	50137.7	125642	35105.6	124887	23906.9	205524	91387.8	14239.9	72076.5	160911	107221
Krt13	1	1				4892.33					2707.45						5437.47					
LALBA	5	5	2517.83		156468	37073.2	8639.79	3827.81	24306.8	25957.3	12505.5	4348.34	9205.31	4362.12	4366.37	39144.4	31773.4	33332.2		157820	2764.09	300778
LAMP1	2	2		758.594	1636.17				124.626	2018.79	718.49	450.017	894.841						1090.02			
LAMP2	4	4	45368.9	19890.3	8444.36	41238	18896.7	17054.4	17935.7	35895.7	43935.9	2390.1	11447.8	13176.8		16496.2	6789.17	23981.6	38868.4	11493.8	18704	9305.88
LAP3	18	18	7247.38	4794.16	10673.4	10461.5	1133.01	5087.31	11104	3805.44	3041.05	7458.26	6670.06	13074.1	7291.97	2718.75	2134.58	1967.03	1856.65	15631.7	4139.86	3505.02
LBR	1	1									7034.52								530.049			
LCN2	9	9	902.869	6411.79	80015.8	25457.4	591.139		6617.67	18408.9	16619.5	59479.2	6924.44	11401.1	9125.53	4725.16	5997.41	14112	10590.3	11725.3	3411.99	9498.63
LCP1	6	6									19673.6								2059.18			
LCT	18	18	26857.5	8504.02	1644.73		1346.55	3014.18	12831.6	51349.5	12748.3	12297.1		10083.3			24557.2		26010.1	7742.12		4704.88
LDB3	3	3	3456.14	5884.62		4319.47	2508.24		3197.01	6277.98	3635.72											
LDHA	2	2			1512.1						16109.5	4555.09							1049.89			
LGALS3	4	4			9130.14						1939.42	872.425										
LGALS3BP	11	11	5754.22	11983.1	48985.5	55357.8	4498.94	3758.11	11334.7	35682.1	20245.9	39203.5	16672.9	25981.1	18914.1	15498.9	97227.2	3253.52	3161.5	4416.37	2791.58	7888.01
LGALS4	7	7	93814	62454.1	177996	22547.2	92397.3	89008.9	357324	216416	136874	242845	58421.6	57551.7	74387	84199.8	91397	24375.5	140930	97716.8	50610.3	96871.5
LGB	5	5	2496.19	4947.03	8410.68	12865.4	5882.53	19159.1	6164.71	11913.8	4374.1	11727.7	2425.55	9243.38	25122.7	3968.75	12933.4	9281.64		7737.9	15365.8	27357.5
LRG1	1	1										9697.85										
LTA4H	2	2									10192.3	1773.1							4435.9			
LTF	39	39	3174.14	12950.5	11456.3	4247.02	2100.81	8510.72	134695	89067.5	940776	51542.5	26389.5	2612.66		3054.35	16462.1	37856.6	347723	43203.6	10717	19995.4
LXN	2	2	2375.12	601.863	2584.81	2506.32	595.633		1158.71	1099.25	2456.96	3924.39							3802.99			1130.36
LYPD8	1	1	19193.9	3347.01	18405.1	18964.6	33884.9	10421.2	53645.6	3705.77	7258.17	360.143	3293.47	7464.09		27536.3	16220.7		8789.21			
LYZ	12	12	3070.09	9536.92	26630.2	31396.6	5897.03	18409.3	8781.15	9875.69	28314.8	4538.54	5939.02	5028.43	8932.88	15805.3	53348.1	6613.87		3603.22	8315.31	4501.16
MAN2B1	12	12	2791.38	902.347	904.643	1341.89	981.713	2881.72	4914.96	4755.38	4636.1	2205.52	1683.64	2170.03			1628.85	1682.55	3553.34	2996.23	1170.81	2983.15
MAPKAPK5-AS1	1	1			702.476				366.756				4493.46									
MAPRE3	1	1															17333.5					
MB	2	2				6546.32			4723.8		9087.67		12612									
MEP1A	12	12	115778	22150.5	12782.5	50038.9	9498.6	5785.34	22700.1	34413.1	12529.2	39386.2	43432.1	30968.3	15130.5	38716.6	63265.6	22156.7	8969.49	10828.6	5329.93	24851.5
MEP1B	9	9	58230.1	36104.2	3631.99	17609.5	5531.38	4852.8	12683.1	41836	18120.7	29139.3	29258.9	11376.7		17676.5	12044.8	14758.5	2298.78	6285.9		17833.5
MGAM	54	54	129668	115003	46589.1	102121	108120	141947	69248.2	116515	91014	28760.7	110683	144859	201494	142329	14569.1	298136	41789	267035	117808	96554.7
MGAM2	7	7	2061.56	1968.23	1326.81	622.989	2429.24	3400.79	1108.03	3151.21	2231.18	743.914	984.713	1796.08					718.255			
MGST3	1	1		356.953			77.0153						190.404			610.491	8846.29					
MME	31	31	70058.7	27094.6	11339.8	11214.4	10779.3	49760.9	24435	8870.41	17891.7	12947.2	24201.2	21601	34297.8	14956.9	59484.6	7029.25	8522.38	14817.9	8316.07	11325.4
MMP8	1	1									9439.44											
MMP9	3	3			895.134					3217.55	25175.2	3069.02							3660.81			
MPO	22	22		3920.58	12824.8	6125.22	1179.64		12689.5	77326.7	95942.5	29762.7	15702.2			3301.76	21681.7	11726.5	40364.5	13132.1	6401.61	15816.5
MRPS27	1	1									20781											
MSN	2	2		684.482					399.909	3039.34	19640.7											
MT-CYB	1	1	866.468			2120.44	771.944	1188.89	7709.56	1134.17	1864.82		8799.73	2662.43		2844.19	8163.21	3793.52	1620.08	5224.1		4625.19
MUC1	3	3			5506.98	3992.34	380.973	1592.92	857.372	3270.46	5732.42	13991.6	843.27			2345.87						
MUC12	4	4				36205.2											51964.4					
MUC13	5	5	9128.65	22141.9	34450.7	4608.3	6191.07		5003.66	2331.22	1878.47	1013.04	8165.2			3692.46	31016.7		1947.63			2073.23
MUC2	42	42	43866.3	112440	80289.7	187075	113179	163201	659144	171910	209962	31133.4	91581.1	329578	76140.1	69899.5	44890.5	104655	48307.9	144532	140522	128358
MUC5AC	7	7	21923.9	34636.3	7394.42	78282.6	19956.3	10953	34647.9	14417.2	30911.6	12440.1	26148.8	20577.8	6162.04	12614.1	19687.3	18193.1	11326.6	8165.99	17566.5	41284.3
MUC5B	9	9	11184.3	2452.56	8870.5	12602.2	1876.15	5678.31	6911.67	5632.92	6367.35	3178.16	8681.88	3306.39	20744.3	4341.54	4202.98	18173.8	1243.54	2747.19		6760.35
MUC6	4	4	61229.3	42252.4	13511.7	46279.5	3805.54	52240.1	12271.2	49082	25746.7	32181.9	18979.2	106536	29967.5	20104.2	11707.2	6662.65	41961.2	71169.7	4103.86	72834.8
MYBPC1	1	1											5168.98									
MYH1	4	4		14498.9		1804.08	3503.37	6048.23	2911.77	18481.8	639.571	1062.94	2934.88		5718.3		4121.15		1222.93	5992.89		
MYH2	5	5	1202.11	2843.96		4873.64	1448.37	3065.54	1783.69	2042.61	2614.54	811.296	6373.11		2044.49							
MYH4	4	4				47064.7				3669.29		9161.45	3122.14				8687.18	5528.97		2361.15		
MYH7	4	4	8018.06			51287.2	27201.7	4031.12	26989.4		75107.2	31321.7	61538.8		13843.6	2731.1	14776.5	37170.9		9599.64		
MYH8	3	3		8409.84		49320	51853.2		15293.2	38618.8		6665.99	928.48					708.473		3218.26		
MYL1	4	4	7407.48	25043.1	748.454	104652	5605.03	4923.37	87929.5	16763.8	73142.3	329484	181987		97569.5	3655.9	87194.9	73584.8		29087.9	5086.03	5966.11
MYL11	6	6	436.634	6490.41		23341.9	628.074	4712.17	14041.1	16466	18642.1	25926.6	21956.5		9027.29		7738.99	3196.4		3644.9		
MYL2	1	1										5089.45										
MYL3	2	2				15784.7	1528.73		3307.08			12483.9	12106.4									
MYL4	1	1		1398			389.657			2874.75												
MYL6	2	2			1090.12						13331.9		2359.46				13218.8					
MYL6B	2	2	832.461			13062.6			1470.01		1560.24	7768.76	7215.18					8539.23		2959.08		
MYO1A	2	2		1107.17	782.262	992.394	793.823	467.317			958.594		693.181			2402.74	5373.9		2481.2	620.076		
MYOM2	3	3		1101.49		15404.7	3634.57		1882.6	16285.7	5247.87	858.23	2239.5									
MYT1L	1	1			3607.56	31537.9			3356.99	15512.9			3368.25	3435.99		7732.73	20599.5					
NAALADL1	19	19	16081.9	7187.1	5612.81	23861.2	7838.8	5476.65	9008.29	17055.1	7975.88	2631.21	9699.82	17837.5	8967.26	16472.4	2282.41	19040.4	4957.47	23535.1	10836	9735.36
NBL1	1	1	3611.13		1080.83		599.166		2154.73	1682.53	1895.56	1146.55										
NCF4	1	1									3382.73								477.356			
NCSTN	8	8	3466.27	1423.13	2255.18	3273.41	1057.88		4115.62	3661.29	3741.26	2266.69	1701.23	2246.59	2972.65	1182.95	2630.24	780.788	2848.27	1542.84	1170.16	1693.21
NHLRC3	4	4	832.064	484.176			628.418		870.432	933.949	1514.41	511.235	581.47					1148.08	859.567	1241.29		1566.39
NPC2	3	3	6652.27									4106.2										
NPEPPS	1	1									4234.03								2873.25			
NPM1	3	3	870.325			1060.67		4060.83	3780.21	5266.29	8486.03	1988.54	1456.81	1256.39	3767.59	540.534		3415.31	790.555			1315.13
NT5C2	1	1									4202.2								822.673			
NUDT5	1	1												248.295		183.821	258.158		371.187			
NUTF2	1	1			1294.65						11294.7	2693.86										
OLFM4	5	5	13045.5	18059.2	30693.8	14744.3	604.901	8845.19	31594.1	1290.03	55365.9	13914.9	5834.08	13164.8		3084.49	11672.4		23407.7			19250.1
ORM1	6	6	55758.8	5157.25	5976.77		5184.68	2582.53	103972	58739.8	63259	96434.3	10183.1	5949.47	7401.65			15712.1	146279	42358.4	2419.54	42515.8
ORM2	4	4	366.918				2501.23		3560.94	2030.96	17675.2	30862	1688.54						11070.5	2589.61		
P4HB	8	8		733.728	1875.54		232.849		510.753		29095.4	1682.7	1860.53			918.38			2081.01			
PDCD6	2	2		718.754	1521.93						6138.27					2505.31						
PDCD6IP	1	1			633.396		320.541				2502.27					1202.87	1980.28		1374.14			
PDIA6	1	1									6743.56											
PDLIM5	2	2	889.058						13053.7											4958		
PEPD	11	11	6619.13	6668.99	1896.03	5861.84	2359.38		16502.1	5146.91	6214.88	7682.85	9835.89	9261.08		3101.05	6409.56	6489.05	11611.4	5195.06	3306.81	
PFN1	1	1			943.938						28329.2	3005.51							962.754			
PGAM1	1	1		2868.84			933.678	3677.91		4263.9	920.713		1498.44							5688.97		
PGAM2	2	2				11479	690.766		5961.39		5993.06	16204.8	6732.61				10268.5	13069.8		6613.98		
PGD	3	3									35231.7								1566.05			
PGK1	2	2		3256.01			1423.75	1620.07		13109.5	730.612	2894.2	4648.2		4742.64					3612.37	1555.43	
PGLYRP1	6	6	3296.59		480.843				1283.75	2263.76	11874.2		1651.57						4208.22	3356.87		
PGM1	4	4		2771.7		10196.4		4840.79	2047.58		1800.52	4141.13	1271.04									
PI3	4	4	3994.18		28856	3883.53	3714.49		56847.4	4127.62	27309.6	6801.21	5228.23	3315.11					1637.59			
PIGR	26	26	355850	177608	2.0988e+06	434549	116919	160901	522242	508157	320900	602389	382243	345197	359322	468183	163896	86889.9	106376	119551	76344.5	156347
PIP	4	4	4564.23	3479.83	1288.83		563.682	2412.7	2023.58	993.717	5076.44	1367.84	4877.27			2041.2	24741.5	2068.34			6917.66	2178.98
PKM	1	1				12664.3						8934.76						8509.44				
PLA2G1B	6	6	243961	763643	328988	96066.2	71563.7	942246	452618	368941	114890	53569.7	66762.1	77015.3	172747	117258	215933	66196.6	111916	600417	294757	165255
PLA2G2A	5	5	4221.3	8395.74	8767.37	5594.25	5478.11	46646.1	23230.7	15204.6	21311	4235.5	5724.41	5164.28	8922.13	10955.3	34489.5	4299.39	5449.44	14391.4	4435.52	16290.5
PLB1	8	8	6256.16	4517.45	1853.9	10625.2	1972.46	6087.53	1409.99	2457.6	1937.14	1069.82	3336.73	1653.54	5188.55	2709.89		5013.32	1006.9	17023.8	2965.69	2061.4
PLBD1	7	7		1691.49	3822.73		809.874	4264.58	6260.68	7641.51	15737.2	6392.82	3301.8	4355.76				9082.94	3931.01	3448.74		3752.86
PLEC	1	1					1147.92		1623.83		1964.18											
PLG	1	1									3517.29	1963.89										
PLPP1	1	1	455.118	476.512	611.979		776.997	1503.13	948.387	601.986			1137.33	2320.83		1471.72		2564.78	863.95			613.062
PLS1	1	1			4767.54		971.82	2341.35			7021.79								2122.18			
PLSCR1	2	2							1789.63			1430.21	588.212				865.082		879.623			526.249
PNLIP	12	12	10471.3	13743.7	9256.03	4289.07	7987.5	7475.08	4340.81	137671	9311.73	25311.9	13423.7	6927.82	9544.94	9831.03	67071.9	6056.99	995.915	9832.78	1848.65	3682.5
PNP	1	1									13990.3											
PPIB	1	1									5964.65	874.938										
PRB3	3	3	5366.52		1685.12										10123.5	6425.73				7576.5		
PRB4	1	1	908.65									26888				1106.68						
PREP	2	2			1244.56	1632.48	312.755		2213.85	3637.56	3348.87	2431.74	732.435						247.062			
PRG2	4	4			7268.09		820.263				142846	2300.87					7688.15		2357.09			2374.25
PRG3	1	1			1171.79						5740.7								743.658			
PRH1	2	2	25208.8	12812.6	20513.4		809.51	5659.9		2736.67	9950.77	14758.5	2598.12	1578.51		27781.6		10314.4		25114.5	34321.2	
PRKCB	3	3							628.55		4164.09								2584.06			
PRSS1	4	4	41681.5	8881.79	9996.53	13371.7	5573.65	7805.58	1736.4	82421.9	2358.28	4599.04	14279.2	27851.9	10845.8	67007.5	12173.5	566446	3665.87	100082	79622	92837.7
PRSS2	4	4	1.07403e+06	206493	121149	42971.4	26864.5	257966	123964	254167	89381.1	46806.2	166584	61284.7	96054.4	286950	44804.9	368059	208576	605340	965798	437759
PRSS3	2	2	17572.6							2900.26		793.196	11112.5	30651.7	96949.6	25792.8	40272.8	38060	2904.66	10024.1	42550.2	17006.7
PRSS57	1	1																	1368			
PRSS8	3	3	7438.27	1441.12	1451.35		1287.5	2744.69	4468.46	2983.96	1187.96	1288.57	728.521	1371.96		1833.38	1707.89		1269.03	1832.72	1355.11	1026.94
PRTN3	7	7	4199.86	16300.5	13441.7	5448.28	3617.98	25952.8	137669	612393	1.06723e+06	16900.2	7934.4			4197.49	24177.1	104125	826288	44281.6	39409	53209
PSAP	4	4	26006	11366.3	13553.2	11519.3	1973.25	39758.4	27243.3	4279.15	77422.3	70252	8532.22		20761.4	3776.34	15006.2		6817.08	12978.1	7054.89	7328.95
PSCA	1	1	2965.76	12426.6				1436.49	2646.58	1776.51	7578.87		11139.6		3166.76	950.265	4959.8	1331.58	2358.87		7289.37	6027.21
PSMA4	2	2			1395.14				789.924		10538.3	2038.9							739.981			
PSMB2	1	1			1600.22				630.294	954.57	14505.7		898.165				4502.32		2287.41			
PSMB9	1	1			2334.18						6678.63											
PSME1	1	1					47.2381				264.582								86.1376			
PTPRH	1	1	1861.23																			
PTTG1IP	2	2	1139.99		1241.33		2046.9	2685.16	2891.62		4586.24		467.265						476.383			
PYGL	1	1									7763.43	2340.14										
PYGM	7	7		3491.14		15274.4			2792.75	2349.98	1412.07	9526.42	3968.77				6211.81	4502.47				
QSOX1	1	1			5053.35						786.83	1065.43										
RBP4	1	1																	1387.57			
REG1A	5	5	1.53148e+06	15488	58486.3		1756.88	120845	94608.1	31696.4	52874.6	195433	148566	3270.81	232953	20614.5	9168.78	68205.4	109570	19820.2		94156.9
REG3A	2	2	2472.65			1750.37		12971.7		2487.09		14781.9		3805.58		9403.11	23867.3					2876.22
RER1	1	1					687.588				2223.36								1744.2			
RETN	5	5		2171.08	1747.26	7400.08	663.575	2561.79	6521.81	8520.54	6386.76	2954.93	849.759				3102.35		4894.02	2546.44		
RNASE2	3	3	11124.4	4583.93	1601.87		4808.53	2319.57	27549.2	17793.1	73392	1593.62	7254.65		4457.92			47425.3	122930	6207.69	2787.16	36133.2
RNASE3	1	1			5345.69				5756.39	4106.03	4225.43		10281.9				76809.4		2269.37			
RNASET2	1	1	350.362	1245.51	2331.39		251.307		306.836	2547.76	1467.7	411.927	746.918	550.268		757.551	2156.71	1340	357.083	907.466		
RNF13	1	1									726.502							452.32	355.948			
RPL12	1	1			217.528	1510.4											10388.9					
RPL13	1	1		820.994				1944.69		1427.61	5438.15											
RPL15	1	1		5032.44	3169.54		2507.6			5766.73	9857.47								646.059			
RPL7	1	1									1775.38					1083.19	12327.6					
RPS9	1	1		1531.55	276.292		788.374	1671.97		3063.45	2790.38	286.197					1415.34	924.05				
RTN3	1	1									189.738		118.302			282.76		727.673	1010.15			171.812
RTN4	2	2		2733.17		2556.79	1297.51		556.211		490.336	351.902	450.198				6078.06	761.313				
S100A11	3	3			1172.25						34730.6	1067.44	1809.6						2094.16			
S100A12	4	4			32470.6				15670.3	49346.4	1.64434e+06	37208.5	14476.4						107762			14105.6
S100A4	3	3									31964.1								1320.13			
S100A6	3	3		1886.87	44850.5	38393.3			707.741	8875.52	13663.9	4938.82	2085.73			4015.95			1216.17			3640.53
S100A7	2	2	2740.38	2273.49	2174.95	6881.77	1061.76	5138.63	30425	7852.38	6514.09	52685.7	27374.2	3215.81	14703.5		7167	31894.1	1120.11	2818.08	28192.1	
S100A8	11	11	25689.6	59261.2	213894	54259	15174.7	268757	926055	2.0973e+06	1.36695e+06	235355	241611	14956.7	9699.9	13212.8	30141.8	601036	241466	408713	106699	644176
S100A9	12	12	37725.2	70895.3	308994	96760.7	16553.1	415969	1.25688e+06	3.17121e+06	1.82915e+06	541154	516345	29431.7	40222	21910.4	45746.1	1.00871e+06	353564	1.15744e+06	303536	914527
S100P	3	3			3967.19	22151.7					32833.9	1499.68	9229.61						9605.47			
SAMM50	1	1		25558.2		107300				40970.9	30501.6			10893.3	12241.4	17545.7				22729.3		22147
SEC13	1	1		6969.38	8573.91	1008.76	3176.26	16936	2961.52	13971.4	2206.46	1540.99	7016.78		46162.5							3575.71
SELENBP1	28	28	32006	16797.9	32245.4	79846	35972.7	19931.9	46152.6	60070.4	18488.4	6746.63	35873.3	62714.7	32298.9	22241.9	9398.11	75459.4	29252.4	63412.4	48383.3	30387.3
SERPINA1	32	32	962036	241740	376309	517949	41908.1	266895	388683	1.38086e+06	334294	1.88754e+06	506285	147659	390449	152119	212314	601380	768828	1.04138e+06	172656	640561
SERPINA3	16	16	46548.7	80661.9	38579.1	184909	21201.4	73515.4	137121	426958	180289	101474	92356.3	18536.3	131795	17980.8	50605.7	128147	65650.5	92520.8	27598.6	252731
SERPINA3-1	1	1		99.1403	284.636	6410.7	131.098		592.622	526.035	296.739	652.014										
SERPINA5	1	1										2700.56							819.099			
SERPINB1	16	16		7582.29	40638.4	95596.2	4488.74		13186.5	53459.6	50312.8	56113.2	18206.6	36695.8		3396.64	21806.2		54589.5			
SERPINB10	11	11							7564.66	16729.4	16187.8	7362.31							9120.52			10912.1
SERPINB12	2	2											1548.3				20611				3822.06	
SERPINB14	7	7	4337.6	3109.18		301485			116215	22502.5	93818		57092.3	40437.3		28973.9	142010	79138.1		46312.3		182243
SERPINB3	5	5	582.579		751.918	508.861	364.497		1791.87	2494.96	698.881	5980.61	4085.89		1077.82		1793.17	2455.09			1589.19	948.725
SERPINB4	3	3							630.307			3395.35	1323.19					1923.91				
SERPINB6	18	18	32626.1	51576.5	10197.7	19516	12861.3	32004.9	32952.7	36731.5	74227.8	9030.92	12919.1	8429.68	21446.4	5199.17		18260.8	4809.81	12029.9	8567.1	30236.1
SERPINC1	25	25	31259.6	15418.1	5678.11	35512.4	8146.35	9469.63	57311.5	208182	73953.4	178208	28776.7	18647.5	36536.6	7816.63	24080.8	54747	59458.9	140641	12307.7	70849.8
SERPINF2	1	1		2093.65		10881.8				11549.7	7216.44	13263										
SERPING1	5	5				24496.7				62000.4	7507.73	13018.6	9035.14	8597.99		6234.93	47882.3		4301			27038.2
SERPINI2	1	1	619.003	6827.54	679.699	5145.08				4699.26		437.24	3428.64	1313.18			7911.69					3980.77
SGSH	4	4	667.096	294.444	278.653		404.568	836.456	1517.11	905.966	248.165		641.656	1089.63				1380.4	323.82		410.857	530.802
SI	41	41	20678.7	9583.3	6186.05	15695.5	4190.52	6798.91	18140	78836.7	15453	12764.7	11775.8	20061.7	9025.99	11432.7	23362.3	5852.72	7210.52	7822.54	5559.43	12184.6
SIAE	9	9	16192.7	6368.98	5306.62	14158.6	5200.11	15625.6	23031.8	11523.6	10246.8	7699.1	5019.56	15327.1	11699.1	3601.66		19745.9	6788.91	11267	6051.68	9059.81
SLC25A11	2	2		4686.1		1424.34	938.903		765.307				1798.12				5425.36	4767.07				
SLC25A24	1	1									2138.28											
SLC25A3	3	3	574.323	24682.9	1286.13	25426.6	14764.3	6930.84	12338.2	6714.18	7113.82	3400.88	7321.6			1786.97	12262.2	15969.3		10776.7	5229.41	
SLC25A5	2	2					521.534										19156.9					
SLC25A6	1	1		6920.02			351.373			989.249	352.177		585.633									
SLC26A2	1	1			1620.92	6527.63	206.39						807.326	802.149	4529.72	5690.96	21913.1					
SLC26A3	11	11		8696.03	21227.8	42496.7	11648.5	22606.7	4468.65	4459.03	7093.7		21801.5	16120	73602.4	68551.2	89447.5	9835.77	10370.5	10429.5	6077.05	3074.68
SLC3A1	2	2	1201.72	2279.53	481.349	1020.14	568.386				1427.49		567.348						374.004			
SLC44A4	2	2	609.291	358.553	887.628	1917.49	310.266						886.555	2400.7	1473.64	3151.28	3587.65		442.897	1240.77		
SLC5A1	1	1															52367					
SMIM22	1	1			2965.22	12074.1	1983.43				961.219					9819.33	10317.6		679.052			
SMPDL3A	7	7	12993.7		2809.47	5853.88	1702.2	3038.54	6389.46	3753.45	3466.3	4245.77	6546.35	10500.2	3762.82	1056.27	1754.56		1371.78	3460.48	4180.1	6237.83
SMPDL3B	7	7	3711.89	5794.23	4995.06	12176.5	4168.71	12820.9	8825.39	7649.37	5099.82	2642.46	3087.96	6990.83	14935.8	4225.16	2591.22	10021	1671.2	9948.61	5990.61	5140.55
SMR3B	1	1	3374.74	24471.6	4376.57			30126.4					8934.19	3806	58903.9		51906.3	44961.8		52850	28640.6	2953.14
SNAP23	1	1										241.35	273.421						664.867			
SOD1	5	5	169761	133398	31922.1	247668	118163	293148	271414	23150	241086	151448	118483	345291		3609.73		6645.23	65272.5	332772		147061
SOD2	11	11	53255.5	1434.44	3227.36		12738.3	92251.5	67094.4		75349.2	41674.3	17344.5			1818.03			4367.71	1533.32		
SPINT1	2	2	3017.49						3009.28													
SQOR	2	2			4685.83	2766.69					7406.94	5688.08	1635.59			2279.94			614.275			
SRI	2	2		2767.73	2697.46		752.74	1564.74		831.001	1386.36	138.678	575.759			2086.37	1573.82		123.558			
SRL	2	2		3441.42		5461.33				14092.5	1635.8		2902.8					15319.7		4134.47		
SSBP1	2	2									3408.45	338.958							220.024			
SSR1	2	2			2099.82						12824.3	1003.51	2098.63						2024.03	2883.23		
STOM	9	9									14153	4173.28	1097.65						7578.23			950.95
STOML1	1	1							820.42	1825.29	838.789											1917.03
STT3A	1	1		346.802							3543.61											
SUCLG1	1	1			3289.28																	
SYPL2	1	1				11771	432.6		1476.8			4099.84	3649.82				26106.1	46874.9		8479.09		
TALDO1	5	5									24326.7	6645.2							4300.13			
TCAP	2	2	1208.56			2021.24	298.997		837.547		12831.9		5160.41		8314.19	792.281		5367		6673.62		
TF	19	19	3283.89				2756.19		3213.63		34868.1	6511.12							3763.83			
TFF2	5	5	58985.1	4517.4	12579.3	20628.8		119716	12373.9		40358	55890.2	24293.6			9267.83	3137.57	9491.93	578.343	2316.91		19607.9
TFF3	5	5	212261	16293.1	19930.2	15155.1	5710.25	236257	571868	35753.4	21209	83884.7	25152.6	126198	18034.3	8797.99	9646.12	112309	6405.57	13428.3	22271.7	23229.7
TIMP1	1	1									19423.3	17161.2							2730.14			
TIRAP	1	1		9493.13				4879.57	5441.31	3192.16				11694.3		22803.6	12819.7		3950.61		38277.5	
TKT	6	6			2131.72				2166.94		134392	6956.4							4920.8			
TLN1	2	2									4604.95											
TM9SF3	1	1			403.656						1632.22											
TMED5	1	1									3187.67											
TMEM167A	1	1		1154.52		461.774	259.218	656.137	319.807	674.473							745.898			2195.48		
TMEM260	1	1					3423.57		2369.73				3059.85	44958.7		10329.4	18820.2	3161.34		3069.85	9826.54	3470.62
TMPRSS15	22	22	103775	108473	15718.2	25700.6	46322.5	94263	26176.2	81134.4	27001.3	6248.43	12981.1	52631.7	38928.7	36960.2	16503.1	70103.3	36788.8	45645.8	42546	58953.7
TMPRSS2	2	2	1000.89	497.689	2087.98	1050.4	654.277	2743.09	2341.67	1653.23	3936.53	2369.64	570.851							710.347		
TNNC1	2	2		4377.6		17477.3	386.657		1058.32	5386.09	2276.72	3873.32	2705.97					2645.25				
TNNC2	4	4	700.666			4491.11		11978.7	11832.9	549.068	2671.03	2403.52	17721.4							3996.63	15494.1	
TNNI2	2	2				46149.6			5227.31		15454	17534.6	6861.01					14867.2				
TNNT1	3	3				30663.5		568.741	1372.03		2247.07	3903.3	5582.24				7766.47					
TNNT3	2	2		5103.93		13755		2633.83	1960.24		2522.07	1437.48	1143.25		3385.67		2907.34					2775.7
TOLLIP	2	2	278.757	319.901	585.515		446.7				3560.08					700.999			1161.61			874.626
TPI1	2	2										1353.6	2068.14	1498.96			3243.03	8031.02	2342.94	2054.31	931.243	6801.89
TPM1	3	3		10809.9		20303.3		25221.7	4017.36	5989.63	5860.62	26950.9	4716.67		13825.1			5341.7		6626.77		
TPM3	1	1				2452.53			320.306			1018.32			8270.83			2452.96		2564.78		
TREH	19	19	4562.35	5790.04	8037.95	12490.8	21250.8		34800.5	30915.8	7269.26	4400.96	7286.21	6687.63	26159.5	32973.8		6859.4	2579.88	156446	9728.68	8069.35
TSN	1	1									6563.56								314.556			
TSPAN1	1	1	3594.88	19354.2	41886.2	8744.59	14937.9	3719.47	9909.03				8947.55	1620.93		17653.8	93045.2		2985.06			
TSPAN3	1	1									7963.8											
TSPO	3	3			1202.81						21340.3		1305.1				3431.45		2283.84			
TSPYL4	1	1					699.338		4252.39													
TTC14	1	1		11091.2	4896.11					6044.75	1932.85		6049.1			9802.17	52313.8					
TTN	52	52	7469.1	15006	4042.99	41213.6	10622.4	10364.8	24269.2	8380.21	96011.3	24559.6	81287.8		40157.4	2506.55		122037		136987	15592.1	3590.67
TTR	14	14	124074	69462.9	6213.99	3860.25	18417.6	112005	291244	4885.74	633692	579532	161181	56327.6	20382.8	46185.7		208378	24171.3	210097	154638	109055
TUBA1D	1	1			1020.56			302.928	400.282				1136.06			813.739	2652.68		1885.12			
TUFM	4	4		66238.9	112238	50788.9	9877.08	112973	6008.5	35679.5	28577.4	1813.44	35043.9	11063.2	35181.2	28627.5	209283	21076.2	24650.7	25995.5	3415.42	10472.8
TXN	1	1	1606.52		3000.82							3052.83	5453.58			3293.1	34396.9					
TXNRD1	7	7					638.45				11989.3	4730.85		2581.15					706.136			
UGT2B17	1	1									300.993								974.289			
UNC13D	1	1									479.024								234.681			
UST	1	1		15452	6943.22			6912.38	5907.57	90372.4	29758.2		2139.79				5095.17		2053.3	4876.61		15322.9
VAMP4	1	1		28815.3	13312					41365.2	24467.6					9210.3				47025		2898.59
VASP	1	1									19751.5								757.675			
VBP1	1	1							12825.2		2842.46									24785.6		
VDAC1	2	2		1003.55	1502.85	1149.47			417.7				2887.67				3623.05					
VDAC2	2	2			1718.3	4670.5							7754.31				21963.9	7542.84	1579.17			
VDAC3	2	2			6272.37												9694.8					
VIM	2	2		1954.73		942.486				4237.94	834.969								726.256			
VNN1	9	9	8789.32		5952.45	20530.8			1951.8	3416.38	1964.29	4309.91	3389.32	34234.2	3739.02	2806.19	2112.84	2940.98	1007.29		1862.57	12038.1
VTN	4	4			1123.52			8073.89	15242.5		27863.4	49535.8	1119.43						6695.38			
WDR19	1	1		6246.63		15385.4		19274.4	2523.92	35674.1	8313.68	12224.5	6028.35		38766.4							
WFDC2	2	2	7963.2	1943.49	6238.83	3802.88		20727.4	16656.7	10527.2	17956.3	7596.25	2018.6	1572.59								3074.79
XDH	9	9	8108.23				4618.88				245.909	601.605					3803.65		471.159	1804.82		
XPNPEP2	20	20	85854.9	24207.7	6958.21	27676.3	7298.4	9226.69	22288.7	24132.4	12725.7	23866.3	30964.2	82742.7	11953.5	26030.7	56823.5	18177.3	19467.3	81808.2	11380.7	32240
ZC2HC1B	1	1		4267.07			764.734			16979.1				8050.44		14485.8	17062.6			6448.06		1551.86
ZG16	9	9	35109.7	32104.5	86828.8	313319	111050	503136	765126	216624	78624	29296.9	180595	193481	117472	92402.8	271104	161015	123652	54282.4	78534.7	29496.9
ZG16B	1	1	784.727										553.758									765.039
ZZEF1	3	3	3125.87	1208.61	528.915			1383.46	1206.53	1693.52	2241.83		842.996						723.95			1059.33
lacZ	1	1							2491.42			10713.7										
prpL	18	18	4.71517e+06	279184	233610	187615	170743	919287	236391	716161	291932	159545	2.91323e+06	4.18553e+06	2.6811e+06	4.5503e+06	5.67632e+06	6.26837e+06	1.18015e+06	2.90916e+06	2.89355e+06	4.36112e+06
